,연관키워드,월간검색수_PC,월간검색수_모바일,월평균클릭수_PC,월평균클릭수_모바일,월평균클릭률_PC,월평균클릭률_모바일,경쟁정도,월평균노출광고수
0,블록체인,6700,12800,4.3,85.3,0.07,0.71,높음,15
1,버츄얼유튜버,830,2480,4.6,24.8,0.57,1.08,중간,10
2,NFT,16200,32800,24.1,188.0,0.15,0.59,높음,15
3,버튜버,3570,9080,9.6,6.7,0.29,0.08,중간,7
4,WEB3.0,1590,2240,1.9,1.0,0.13,0.05,중간,12
5,정보보안기사,6810,8590,10.8,34.8,0.17,0.44,높음,15
6,블록체인교육,110,70,1.4,5.0,1.51,7.05,높음,15
7,NFT거래소,1240,2590,12.6,69.6,1.03,2.79,중간,12
8,코인마케팅,100,30,2.4,1.8,2.43,4.29,높음,15
9,AI교육,760,890,1.2,5.8,0.16,0.67,높음,15
10,동영상,6130,7300,8.4,37.5,0.15,0.56,높음,15
11,블록체인개발자,130,280,0.9,4.3,0.7,1.67,높음,15
12,코인상장,260,1140,1.2,10.3,0.48,1.02,높음,15
13,코인투자,360,970,5.6,13.9,1.61,1.64,높음,15
14,암호화폐거래소,300,540,1.9,13.0,0.67,2.63,높음,15
15,AI목소리,1130,1660,10.8,19.0,1.02,1.23,중간,13
16,블록체인학원,10,20,0.5,3.9,3.14,14.05,높음,15
17,블록체인개발,160,100,2.3,4.8,1.59,5.22,높음,15
18,암호화폐,2110,7640,2.9,37.8,0.15,0.51,높음,15
19,코인개발,70,120,2.9,6.4,4.26,6.4,높음,15
20,AI아나운서,180,340,6.3,13.3,3.3,3.98,높음,15
21,노마드스컬프,550,1260,11.2,15.5,2.09,1.38,낮음,3
22,블록체인자격증,50,90,0.1,0.8,0.25,1.05,높음,15
23,대학원모집,300,550,2.1,6.5,0.73,1.24,높음,15
24,블록체인학과,30,50,0.0,1.1,0.0,2.12,높음,14
25,피규어,6580,32200,43.4,255.1,0.71,0.89,높음,15
26,AINFT,20,< 10,0.0,0.0,0.0,0.0,낮음,0
27,가상인간,790,1890,5.9,25.5,0.81,1.4,높음,15
28,블록체인컨설팅,20,20,0.7,1.2,3.86,6.42,높음,15
29,인공지능교육,300,280,0.9,0.5,0.28,0.16,높음,15
30,아이튜버크리에이터,< 10,10,0.0,0.0,0.0,0.0,낮음,1
31,아트토이,770,2450,3.5,27.5,0.47,1.23,높음,15
32,DAPP,350,350,0.0,3.0,0.0,0.9,높음,15
33,앱개발공모전,20,20,0.0,0.0,0.0,0.0,높음,3
34,앱공모전,20,30,0.0,0.0,0.0,0.0,높음,3
35,비트코인시세,45100,1423000,193.4,2291.5,0.47,0.19,높음,14
36,ICO,1180,1300,0.3,7.8,0.04,0.66,높음,15
37,블록체인마케팅,180,50,3.1,0.6,1.59,1.2,높음,15
38,웹3.0,3510,4800,2.0,1.7,0.06,0.04,높음,3
39,커먼컴퓨터,120,130,0.0,0.0,0.0,0.0,낮음,0
40,코인제작,140,310,1.5,3.2,1.12,1.13,높음,15
41,블록체인회사,120,240,1.0,1.8,0.83,0.78,높음,15
42,블록체인공부,20,30,0.1,0.8,0.5,2.78,높음,15
43,거래소,1990,2060,1.5,5.3,0.08,0.29,중간,10
44,리비월드,10,10,0.0,0.0,0.0,0.0,높음,3
45,메타버스교육,1400,2060,7.1,41.4,0.52,1.97,높음,15
46,BJ모집,160,260,1.9,5.5,1.07,1.98,높음,15
47,버추얼유튜버,170,410,1.0,1.5,0.66,0.41,중간,11
48,코인발행,40,100,0.6,1.0,1.14,0.91,높음,15
49,정보보안학과,640,1730,1.3,11.3,0.19,0.66,높음,15
50,블록체인강의,80,30,0.8,0.5,1.0,2.0,높음,15
51,콜드월렛,390,770,0.9,14.8,0.25,1.89,높음,15
52,NFT개발,30,10,0.2,0.0,0.58,0.0,높음,15
53,유튜브광고,2480,3080,15.6,27.4,0.66,0.98,높음,15
54,블록체인기술,430,720,0.1,9.0,0.03,1.19,높음,15
55,캐릭터방송,10,30,1.0,3.0,20.0,15.0,낮음,1
56,METAVERSE,940,1640,0.5,4.8,0.06,0.34,높음,15
57,타입캐스트,8350,12700,327.0,1349.0,4.11,11.33,낮음,1
58,키덜트,1520,5420,5.9,48.5,0.42,0.97,높음,15
59,코인지갑,430,1760,1.4,16.3,0.34,0.98,높음,15
60,AI스튜디오,110,60,4.5,2.3,4.0,3.82,중간,10
61,블록체인코딩,20,20,0.1,0.0,0.54,0.0,높음,15
62,AMAXG,40,180,0.0,0.0,0.0,0.0,중간,1
63,메타버스제작,230,90,5.1,2.4,2.26,2.53,높음,15
64,메타버스학원,120,120,1.1,6.8,0.9,5.53,높음,15
65,블록체인국비지원,< 10,< 10,0.1,0.5,1.51,16.67,높음,15
66,블록체인전문가,50,50,0.0,1.5,0.0,2.39,높음,15
67,산업보안관리사,1010,1270,1.8,0.0,0.19,0.0,중간,13
68,NOMADSCULPT,310,620,1.0,0.3,0.35,0.06,낮음,4
69,피규어제작,900,3060,37.7,219.0,4.24,7.33,높음,15
70,백엔드개발자,1310,2520,3.3,19.5,0.26,0.83,높음,15
71,코인만들기,110,310,0.4,13.5,0.36,4.48,높음,15
72,솔리디티,100,130,0.0,0.0,0.0,0.0,높음,14
73,코인광고,10,40,0.3,1.0,1.12,2.09,높음,15
74,정보보안기사인강,160,160,6.5,11.0,3.99,6.9,높음,15
75,NFT마켓,310,270,1.3,1.3,0.45,0.46,높음,15
76,핀테크,5380,9240,1.3,15.5,0.03,0.18,높음,15
77,디지털휴먼,420,2380,1.7,5.1,0.64,1.87,높음,14
78,NFT코인,620,2870,0.8,24.0,0.14,1.02,중간,13
79,4차산업혁명,7340,18300,1.0,6.3,0.02,0.04,높음,15
80,전자지갑,1020,1800,0.6,6.5,0.07,0.39,높음,15
81,네트워크마케팅,820,2480,0.7,1.3,0.09,0.06,높음,15
82,메타휴먼,380,380,1.7,2.8,0.42,0.73,높음,15
83,블럭체인,300,1130,0.1,15.8,0.03,1.47,높음,15
84,가상화폐마케팅,10,< 10,0.0,0.0,0.0,0.0,높음,15
85,웹개발,690,970,4.0,5.0,0.59,0.53,높음,15
86,블록체인기업,50,80,0.6,0.0,1.14,0.0,높음,15
87,코인홍보,10,< 10,0.1,0.0,0.51,0.0,중간,13
88,가상인간제작,30,10,3.1,1.0,9.57,8.34,낮음,4
89,엔에프티,210,470,0.0,3.0,0.0,0.68,높음,15
90,스마트컨트랙트,350,420,0.1,0.6,0.04,0.15,높음,15
91,거래소상장,40,30,1.1,0.5,2.47,1.39,높음,15
92,개인정보보호교육,4220,1070,6.2,10.3,0.15,0.95,높음,15
93,2022트렌드,290,320,0.1,0.0,0.04,0.0,중간,9
94,안심팩토리,10,10,0.8,0.0,6.07,0.0,낮음,2
95,가상화폐거래소,1280,4030,26.3,45.8,2.14,1.3,중간,6
96,AI성우,510,270,32.7,25.8,6.7,10.56,낮음,4
97,아멕스지,120,780,0.0,0.0,0.0,0.0,중간,1
98,SUBSTRATUM,100,70,0.0,0.0,0.0,0.0,중간,2
99,MCN회사,1160,2780,8.6,32.5,0.76,1.26,높음,15
100,주식투자,3090,6020,11.3,22.6,0.37,0.41,높음,15
101,K디지털트레이닝,850,910,4.0,16.0,0.47,1.79,높음,15
102,코인컨설팅,< 10,10,0.3,0.0,2.89,0.0,중간,12
103,전산세무2급,6210,12300,15.7,83.4,0.26,0.72,높음,15
104,정보보호대학원,110,90,0.0,0.3,0.0,0.35,높음,14
105,버추얼휴먼,880,4530,6.2,7.0,0.74,0.2,중간,10
106,코인ICO,30,110,0.1,0.0,0.24,0.0,높음,15
107,인공지능,6960,12300,3.1,53.3,0.05,0.43,높음,15
108,유튜브더빙,110,290,0.8,0.0,0.61,0.0,중간,12
109,프론트엔드개발자,1080,1670,4.1,12.3,0.4,0.78,높음,15
110,내일배움카드코딩,220,410,2.3,12.8,1.02,3.18,높음,15
111,프론트엔드,3150,4360,6.7,26.5,0.22,0.65,높음,15
112,메타버스강의,130,130,0.5,5.7,0.35,4.95,높음,15
113,3D모델링프로그램,940,780,1.1,2.3,0.12,0.29,높음,15
114,백서제작,50,20,1.3,0.0,2.67,0.0,높음,15
115,AI더빙,530,280,25.9,14.0,5.17,5.75,낮음,4
116,텔레그램홍보,10,10,0.8,0.0,4.17,0.0,낮음,3
117,메인넷개발,10,< 10,0.0,0.0,0.0,0.0,중간,6
118,코인거래소,1780,4200,7.7,93.3,0.48,2.44,높음,15
119,NFT마케팅,170,60,2.2,2.0,1.19,3.08,높음,15
120,지갑제작,20,70,0.3,0.5,1.49,0.71,높음,15
121,모델링,1920,2460,0.6,6.3,0.04,0.27,높음,15
122,블록체인플랫폼,70,60,0.3,0.3,0.47,0.48,높음,15
123,코인강의,10,20,0.1,1.8,1.03,8.75,높음,15
124,디지털화폐,790,1740,0.4,3.8,0.06,0.24,높음,15
125,가상화폐발행,< 10,< 10,0.0,0.0,0.0,0.0,높음,15
126,블록체인대학원,50,50,0.0,0.0,0.0,0.0,높음,3
127,코인백서,80,130,1.1,6.8,1.25,5.12,높음,15
128,투자유치,1540,940,3.5,7.5,0.24,0.84,높음,15
129,코인전문가,10,30,0.0,0.3,0.0,1.24,중간,12
130,코인업체,< 10,30,0.0,0.0,0.0,0.0,높음,15
131,AI로봇,780,2820,2.5,18.6,0.36,0.76,높음,15
132,NFT만들기,430,1040,1.0,12.0,0.26,1.2,중간,12
133,TTS프로그램,1780,1900,14.1,19.0,0.86,1.08,높음,15
134,프로덕션,1270,1630,14.6,8.6,1.2,0.54,높음,15
135,4차산업교육,60,40,0.4,0.3,0.61,0.53,높음,15
136,코인거래소상장,10,30,0.0,0.0,0.0,0.0,높음,15
137,증권,24400,410700,23.9,643.1,0.11,0.17,높음,15
138,7테크,< 10,< 10,0.2,0.3,10.0,3.58,중간,5
139,TYPECAST,460,450,61.0,63.0,13.84,14.04,낮음,1
140,하드월렛,130,270,1.1,2.6,0.76,1.03,높음,15
141,인공지능로봇,730,3240,1.4,35.8,0.19,1.18,높음,15
142,무료더빙,210,80,38.0,6.0,25.34,10.17,낮음,1
143,코인개발자,< 10,30,0.0,0.0,0.0,0.0,중간,5
144,블록체인만들기,10,20,0.1,0.5,0.75,2.54,높음,15
145,가상화폐만들기,10,20,0.0,1.0,0.0,5.56,높음,15
146,가상화폐제작,< 10,10,0.0,1.3,0.0,10.42,높음,15
147,SOLIDITY,230,420,0.3,0.6,0.16,0.16,높음,3
148,비트코인제작,< 10,< 10,0.0,0.0,0.0,0.0,높음,3
149,코인자동거래,< 10,< 10,0.0,0.0,0.0,0.0,높음,3
150,합병,1490,2510,0.7,4.3,0.05,0.18,높음,15
151,DEFI,490,690,0.3,0.3,0.06,0.06,높음,15
152,크립토,1630,4110,0.8,0.3,0.06,0.01,중간,10
153,디앱개발,< 10,< 10,0.0,0.0,0.0,0.0,중간,6
154,클레이튼개발자,< 10,< 10,0.0,0.0,0.0,0.0,낮음,0
155,로봇공학,330,470,0.5,1.8,0.15,0.38,높음,15
156,메타버스책,200,420,0.3,0.3,0.14,0.08,중간,7
157,SEVENTECH,< 10,< 10,0.0,0.0,0.0,0.0,높음,3
158,IR자료,1300,730,3.9,7.0,0.33,1.01,높음,15
159,가상화폐투자,40,50,0.1,0.5,0.17,0.87,높음,15
160,팁스,1910,1490,0.9,7.5,0.05,0.53,높음,14
161,BLOCKCHAIN,290,440,0.3,1.0,0.12,0.25,높음,15
162,가상화폐교육,< 10,< 10,0.0,0.0,0.0,0.0,중간,12
163,7TECH,< 10,< 10,0.0,0.0,0.0,0.0,높음,3
164,코인라인,< 10,10,0.0,0.0,0.0,0.0,낮음,0
165,블록체인무료교육,< 10,< 10,0.1,0.0,2.07,0.0,높음,14
166,의결권대리행사권유,50,30,0.8,1.3,1.6,3.34,높음,15
167,코인거래소제작,< 10,10,0.4,0.5,5.0,5.0,높음,15
168,크립토커런시,180,270,0.0,0.7,0.0,0.27,높음,3
169,ICO코인,20,40,0.0,0.0,0.0,0.0,높음,3
170,HITBTC,50,120,0.0,0.3,0.0,0.3,높음,3
171,ETHEREUM,130,210,0.0,0.3,0.0,0.17,높음,3
172,가상화페,< 10,20,0.1,0.0,0.89,0.0,높음,14
173,메인넷,440,1630,0.0,0.7,0.0,0.05,높음,3
174,디앱,120,270,0.0,0.0,0.0,0.0,높음,3
175,신규가상화폐,< 10,< 10,0.0,0.0,0.0,0.0,중간,10
176,스테이블코인발행,< 10,< 10,0.0,0.0,0.0,0.0,중간,1
177,비트코인전자지갑,10,60,0.0,0.0,0.0,0.0,높음,3
178,화폐제작,10,< 10,0.0,0.0,0.0,0.0,높음,3
179,암호화폐결제,10,20,0.0,0.0,0.0,0.0,높음,3
180,이더리움,8290,82700,6.2,145.8,0.09,0.21,높음,15
181,블록체인컨퍼런스,60,40,0.0,0.0,0.0,0.0,높음,3
182,이더리움개발,< 10,< 10,0.0,0.0,0.0,0.0,높음,3
183,솔라나개발,< 10,< 10,0.0,0.0,0.0,0.0,중간,2
184,암호화화폐,20,10,0.0,0.0,0.0,0.0,높음,3
185,ICO사이트,< 10,< 10,0.0,0.0,0.0,0.0,높음,3
186,IEO코인,< 10,< 10,0.0,0.0,0.0,0.0,중간,1
187,코인프리세일,10,10,0.0,0.0,0.0,0.0,높음,3
188,국내ICO,10,< 10,0.0,0.0,0.0,0.0,높음,3
189,토큰거래소,< 10,10,0.0,0.0,0.0,0.0,높음,3
190,탈중앙화지갑,10,10,0.0,0.0,0.0,0.0,중간,2
191,코인생성,< 10,< 10,0.0,0.0,0.0,0.0,중간,2
192,블록체인배우기,< 10,< 10,0.2,0.0,5.0,0.0,높음,15
193,블록체인개발교육,< 10,< 10,0.0,0.6,0.0,7.15,높음,15
194,ERC20,190,530,0.2,0.7,0.11,0.14,높음,15
195,코인지갑개발,< 10,< 10,0.1,0.3,1.64,25.0,중간,9
196,암호화폐개발,< 10,30,0.1,0.3,2.23,0.6,높음,15
197,암호화폐발행,< 10,10,0.0,0.3,0.0,1.79,높음,15
198,후오비상장,20,90,0.0,0.0,0.0,0.0,높음,3
199,토큰개발,< 10,< 10,0.2,0.0,5.0,0.0,높음,15
200,블록체인지갑,70,60,0.8,0.5,1.16,0.84,높음,15
201,거래소제작,20,10,0.0,0.3,0.0,2.86,높음,15
202,마켓메이킹,30,40,0.0,0.0,0.0,0.0,높음,3
203,암호화폐제작,< 10,< 10,0.1,0.3,3.85,8.34,중간,9
204,가상화폐광고,< 10,< 10,0.0,0.0,0.0,0.0,높음,15
205,ICO투자,< 10,10,0.0,0.0,0.0,0.0,중간,2
206,리플지갑,30,80,0.0,0.0,0.0,0.0,높음,3
207,국비지원블록체인,< 10,< 10,0.0,0.5,0.0,6.25,높음,15
208,코인결제,20,50,0.2,0.0,1.16,0.0,중간,10
209,블록체인제작,< 10,< 10,0.1,0.0,1.3,0.0,중간,13
210,암호화폐백서,10,< 10,0.4,0.5,3.45,6.25,낮음,2
211,빗썸상장,130,410,0.0,0.3,0.0,0.1,높음,3
212,블록체인개발업체,< 10,< 10,0.0,0.0,0.0,0.0,낮음,0
213,해외거래소상장,< 10,< 10,0.2,0.0,2.86,0.0,중간,9
214,디지털자산,350,270,0.3,0.3,0.08,0.13,높음,15
215,에리카강,40,80,1.0,0.0,2.86,0.0,중간,1
216,전자화폐,650,810,0.0,0.3,0.0,0.06,높음,15
217,하드웨어월렛,30,20,0.0,0.0,0.0,0.0,중간,6
218,코인개인지갑,110,350,0.0,0.0,0.0,0.0,높음,15
219,비트코인지갑,340,1010,0.4,0.3,0.12,0.04,높음,15
220,리갈오피니언,< 10,< 10,0.0,0.0,0.0,0.0,중간,2
221,코인홈페이지,< 10,< 10,0.0,0.0,0.0,0.0,높음,14
222,블록체인업체,10,20,0.0,1.3,0.0,4.81,높음,15
223,블록체인아카데미,10,10,0.2,0.3,1.18,3.13,높음,15
224,NFT판매,240,340,0.6,2.5,0.26,0.76,중간,13
225,가상화폐컨설팅,< 10,< 10,0.0,0.0,0.0,0.0,높음,3
226,가상화폐지갑,140,330,0.4,4.0,0.31,1.28,높음,15
227,암호화폐지갑,130,330,0.1,2.3,0.05,0.76,높음,15
228,가상화폐만드는법,< 10,10,0.0,0.0,0.0,0.0,중간,12
229,블록체인스타트업,30,30,0.0,0.0,0.0,0.0,높음,3
230,가상화폐개발,< 10,< 10,0.0,0.0,0.0,0.0,높음,15
231,하드웨어지갑,20,40,0.0,0.0,0.0,0.0,중간,11
232,디지털지갑,100,150,0.0,0.0,0.0,0.0,높음,3
233,PALLET,2050,1790,1.9,3.0,0.1,0.18,높음,15
234,암호화폐월렛,< 10,< 10,0.0,0.0,0.0,0.0,중간,1
235,DAPP개발,< 10,< 10,0.1,0.8,0.75,12.5,높음,15
236,의결권대행,60,40,1.4,0.4,2.42,0.98,높음,15
237,ETH,590,1360,0.1,18.0,0.02,1.44,높음,15
238,업비트상장,210,770,0.0,0.0,0.0,0.0,높음,3
239,블록체인사업,30,40,0.1,0.3,0.24,0.68,높음,15
240,이더리움지갑,80,100,0.0,0.0,0.0,0.0,높음,15
241,블록체인국비,< 10,< 10,0.0,1.3,0.0,13.89,높음,14
242,암호화폐만들기,< 10,< 10,0.5,0.5,11.67,5.41,높음,15
243,이리더움,10,20,0.0,0.7,0.0,2.28,중간,7
244,블록체인솔루션,10,< 10,1.0,0.0,8.34,0.0,높음,15
245,암호화폐투자,30,10,0.1,0.0,0.4,0.0,높음,15
246,트렌드코리아2022,500,720,0.6,0.0,0.11,0.0,중간,11
247,엑스틴이즈백,20,30,0.0,0.0,0.0,0.0,중간,1
248,2022트렌드코리아,160,210,0.0,0.0,0.0,0.0,중간,6
249,라이크커머스,170,180,0.0,0.0,0.0,0.0,중간,1
250,암호화폐마케팅,< 10,< 10,1.3,0.0,14.29,0.0,중간,9
251,블록체인기술개발,< 10,< 10,0.0,0.0,0.0,0.0,높음,3
252,블록체인광고,10,20,0.0,0.0,0.0,0.0,낮음,4
253,NFT홍보,20,30,0.9,0.3,3.66,1.12,낮음,3
254,NFT광고,10,10,0.0,0.0,0.0,0.0,높음,3
255,코인에어드랍,260,780,0.1,0.3,0.06,0.05,높음,14
256,비트탑,10,40,0.0,0.0,0.0,0.0,중간,2
257,블록체인거래소,10,10,0.3,0.0,1.62,0.0,낮음,4
258,가상화폐플랫폼,< 10,< 10,0.0,0.0,0.0,0.0,높음,3
259,블록체인수업,< 10,< 10,0.0,0.3,0.0,5.56,중간,13
260,블록체인전문가과정,< 10,< 10,0.1,0.0,3.45,0.0,중간,10
261,토큰발행,30,30,0.1,0.3,0.21,1.25,높음,15
262,토큰제작,10,10,0.1,0.0,0.56,0.0,높음,15
263,TOUCHENKEY,270,80,0.0,0.0,0.0,0.0,높음,3
264,이더리움코인,50,230,0.1,1.0,0.12,0.48,높음,15
265,IOT인증,10,10,0.0,0.0,0.0,0.0,높음,3
266,DID얼라이언스,< 10,< 10,0.0,1.0,0.0,50.0,중간,1
267,코인제작업체,10,< 10,0.5,0.0,4.67,0.0,높음,15
268,코인만드는법,20,40,0.2,1.8,0.75,3.44,높음,15
269,코인시장,460,2040,0.8,6.3,0.18,0.31,중간,11
270,가상화폐사이트,< 10,10,0.1,0.0,1.0,0.0,높음,14
271,플랫폼개발,190,150,2.9,4.0,1.52,2.67,높음,15
272,유니데카,60,30,0.0,0.0,0.0,0.0,중간,1
273,블록체인취업,< 10,10,0.1,0.0,0.84,0.0,높음,15
274,위드크립토,< 10,< 10,0.0,0.0,0.0,0.0,낮음,0
275,블록체인직업,< 10,10,0.0,0.0,0.0,0.0,중간,5
276,가상화폐상장,10,40,0.0,0.0,0.0,0.0,높음,15
277,메스브레인,10,20,0.0,0.7,0.0,2.44,중간,2
278,거래소개발,20,< 10,0.0,0.0,0.0,0.0,높음,15
279,블록체인코인,30,170,0.0,0.0,0.0,0.0,높음,3
280,코인바이럴,< 10,< 10,0.0,0.0,0.0,0.0,낮음,3
281,코인프로그램,150,220,0.0,0.7,0.0,0.47,높음,3
282,코인거래소설립,< 10,10,0.2,0.0,2.71,0.0,중간,6
283,암호화폐만드는법,< 10,< 10,0.0,0.0,0.0,0.0,높음,3
284,가상화폐채굴기,10,10,0.0,0.0,0.0,0.0,높음,15
285,블록체인과정,< 10,< 10,0.0,0.0,0.0,0.0,높음,3
286,솔라나코인,2320,21600,1.7,4.0,0.08,0.02,높음,3
287,솔라나,7190,55900,3.2,15.3,0.05,0.03,중간,11
288,COIN,890,3740,0.1,5.8,0.02,0.17,높음,15
289,CRYPTO,1170,2870,0.0,0.0,0.0,0.0,높음,3
290,블록체인인강,< 10,< 10,0.1,0.8,2.95,37.5,중간,11
291,비트코인업체,< 10,< 10,0.1,0.0,1.34,0.0,높음,15
292,방문판매프로그램,< 10,< 10,0.0,0.3,0.0,25.0,높음,15
293,전산,1800,3330,0.5,1.3,0.03,0.05,중간,9
294,MLM,140,300,0.0,0.8,0.0,0.26,높음,15
295,결제API,50,30,0.3,0.3,0.56,0.79,높음,15
296,XANGLE,200,380,0.0,1.6,0.0,0.48,중간,1
297,주총위임장,60,70,1.6,4.2,2.76,7.15,높음,15
298,WEB3,990,940,0.0,0.3,0.0,0.04,높음,3
299,토큰백서,< 10,< 10,0.0,0.0,0.0,0.0,높음,3
300,해외거래소,130,220,0.4,0.6,0.29,0.31,높음,15
301,체인업,10,60,0.0,0.3,0.0,0.55,높음,3
302,NFT상장,< 10,10,0.0,0.0,0.0,0.0,높음,3
303,코인상장조건,10,30,0.0,0.0,0.0,0.0,낮음,2
304,MEXC상장,10,10,0.0,0.0,0.0,0.0,낮음,4
305,블록체인NFT,70,40,0.0,0.0,0.0,0.0,높음,3
306,블록체인서비스,20,10,0.0,0.0,0.0,0.0,높음,3
307,코인상장심사,< 10,< 10,0.0,0.0,0.0,0.0,중간,1
308,블록체인기획,< 10,< 10,0.0,0.0,0.0,0.0,낮음,2
309,알트코인만들기,< 10,< 10,0.0,0.0,0.0,0.0,높음,14
310,NFT제작,130,60,1.0,1.8,0.82,2.28,높음,15
311,코인사업,< 10,20,0.1,0.0,1.1,0.0,중간,11
312,코인회사,70,240,0.1,0.6,0.1,0.27,높음,15
313,가상화폐추천,20,70,0.0,0.0,0.0,0.0,높음,15
314,스테이킹,830,1970,0.8,0.0,0.1,0.0,중간,9
315,비트코인전문가,< 10,10,0.0,0.3,0.0,2.23,중간,13
316,에어드랍,1980,16500,0.3,0.3,0.02,0.01,높음,3
317,코인솔루션,70,200,0.3,0.3,0.43,0.21,낮음,3
318,코인상담,10,20,2.7,1.8,16.0,10.94,중간,12
319,비트코인상담,< 10,< 10,0.0,0.0,0.0,0.0,높음,3
320,코인백서제작,< 10,< 10,0.0,0.0,0.0,0.0,중간,7
321,비트코인투자,120,530,0.7,5.0,0.65,1.08,높음,15
322,오미세고,190,2780,0.3,0.0,0.2,0.0,중간,6
323,가상화폐거래소만들기,< 10,< 10,0.0,0.0,0.0,0.0,중간,10
324,코인카페,130,490,0.0,0.0,0.0,0.0,높음,3
325,ICO백서,< 10,< 10,0.0,0.0,0.0,0.0,낮음,0
326,토큰만들기,10,10,0.0,0.0,0.0,0.0,높음,15
327,라즈베리파이코딩,30,30,0.0,0.0,0.0,0.0,높음,3
328,매크로프로그래밍,40,10,0.3,0.0,0.74,0.0,낮음,3
329,라즈베리파이개발,10,10,0.0,0.0,0.0,0.0,중간,8
330,비트코인거래소순위,300,900,0.6,0.0,0.23,0.0,높음,15
331,코인거래소개발,< 10,< 10,0.2,0.0,7.7,0.0,중간,7
332,코인커뮤니티,280,1460,1.6,3.5,0.59,0.31,높음,15
333,비상장코인,210,510,0.9,0.7,0.47,0.15,높음,15
334,웹3,990,1600,0.3,0.0,0.04,0.0,높음,3
335,메타블록,10,40,0.0,0.3,0.0,0.82,높음,3
336,블록체인온라인강의,< 10,< 10,0.0,0.0,0.0,0.0,중간,11
337,비트코인구매대행,20,50,0.1,0.9,0.3,1.86,높음,14
338,금융자산관리,20,30,0.0,0.3,0.0,0.74,높음,15
339,핀테크회사,30,30,0.6,0.0,1.93,0.0,낮음,3
340,플랫폼금융,10,< 10,0.0,0.0,0.0,0.0,높음,3
341,비트서울,< 10,< 10,0.0,0.0,0.0,0.0,낮음,1
342,요코인,20,300,0.0,0.0,0.0,0.0,높음,3
343,암호화폐거래소순위,210,420,0.5,0.3,0.27,0.09,높음,15
344,블록체인뉴스,50,20,0.0,0.0,0.0,0.0,높음,15
345,개발자구직,20,30,0.5,1.0,1.98,2.86,높음,15
346,TMTG,70,230,0.0,0.3,0.0,0.17,높음,3
347,비트코인해외거래소,20,60,0.0,0.0,0.0,0.0,높음,3
348,바낸,50,160,0.0,0.0,0.0,0.0,중간,11
349,신규코인,60,270,0.0,0.0,0.0,0.0,높음,15
350,웹지갑,< 10,10,0.0,0.0,0.0,0.0,높음,3
351,블록체인백서,< 10,10,0.0,0.0,0.0,0.0,높음,3
352,4차산업혁명기술,940,1040,0.3,0.0,0.04,0.0,높음,3
353,블록체인강좌,< 10,< 10,0.0,0.0,0.0,0.0,높음,15
354,비트코인레전드상장,30,90,0.0,0.0,0.0,0.0,중간,1
355,최근상장코인,< 10,20,0.0,0.0,0.0,0.0,중간,1
356,KOK거래소,< 10,10,0.0,0.0,0.0,0.0,중간,1
357,비트코인프로그램,90,340,0.0,0.0,0.0,0.0,중간,11
358,비트코인분석,70,80,0.0,0.0,0.0,0.0,높음,3
359,비트코인리딩,20,40,1.9,2.3,6.92,5.0,높음,15
360,비트코인다이아몬드,30,160,0.0,0.0,0.0,0.0,높음,3
361,비트코인학원,< 10,10,0.5,0.8,16.67,10.35,중간,6
362,KOK상장,< 10,< 10,0.0,0.0,0.0,0.0,낮음,0
363,가상화폐리플,20,160,0.1,1.0,0.31,0.65,높음,14
364,코인단타,150,460,0.3,0.7,0.22,0.19,중간,12
365,코인리플,80,780,0.3,0.0,0.38,0.0,중간,10
366,비트코인구입,30,60,0.3,2.0,1.08,3.18,중간,12
367,코인정보방,20,50,0.1,0.0,0.67,0.0,중간,9
368,코인상장정보,< 10,50,0.0,0.0,0.0,0.0,중간,9
369,코인베이스거래소,20,90,0.0,0.0,0.0,0.0,중간,2
370,코인매매,30,60,0.2,0.8,0.69,1.5,중간,9
371,증강현실,2660,4470,1.9,22.5,0.08,0.52,높음,15
372,유니티엔진,580,470,0.4,4.5,0.08,1.06,높음,15
373,메타버스얼라이언스,220,190,0.0,0.0,0.0,0.0,중간,1
374,아바타만들기,350,8610,0.0,0.7,0.0,0.01,높음,3
375,VRAR교육,< 10,< 10,0.1,0.3,0.75,3.71,높음,15
376,플러그인모듈,< 10,< 10,0.0,0.0,0.0,0.0,중간,1
377,가상화폐리딩,< 10,< 10,0.0,0.3,0.0,6.67,높음,14
378,소비트렌드,610,400,0.2,0.0,0.04,0.0,높음,15
379,P2E게임,1240,3040,0.7,0.7,0.06,0.03,높음,3
380,부산블록체인,150,320,0.0,0.8,0.0,0.23,높음,15
381,리플XRP,210,1620,0.0,0.0,0.0,0.0,중간,12
382,비트코인커뮤니티,150,210,0.1,0.0,0.06,0.0,중간,12
383,코인API,10,10,0.0,0.0,0.0,0.0,중간,2
384,NFT민팅,430,310,0.4,1.8,0.09,0.58,높음,14
385,NFT마켓개발,< 10,< 10,0.0,0.3,0.0,12.5,중간,9
386,비트코인개발,10,20,0.0,0.0,0.0,0.0,높음,3
387,라즈베리파이프로그래밍,10,20,0.0,0.0,0.0,0.0,높음,3
388,코딩프로그래밍,100,110,0.1,0.5,0.14,0.46,높음,15
389,빅데이터코딩,30,30,0.1,0.3,0.22,0.65,높음,15
390,알고리즘개발,40,10,0.2,0.0,0.39,0.0,중간,12
391,임베디드프로그래밍,40,30,0.0,0.0,0.0,0.0,높음,15
392,프로세싱코딩,< 10,< 10,0.0,0.4,0.0,3.58,낮음,3
393,비트코인만들기,< 10,10,0.1,0.0,1.67,0.0,높음,15
394,백서제작업체,< 10,< 10,0.0,0.0,0.0,0.0,높음,3
395,블록체인인제주,< 10,< 10,0.0,0.0,0.0,0.0,중간,1
396,제주블록체인,< 10,< 10,0.0,0.0,0.0,0.0,중간,1
397,국내가상화폐거래소,50,70,0.0,0.3,0.0,0.46,높음,15
398,코인쇼핑몰,< 10,10,0.2,0.8,4.66,5.89,중간,9
399,코인선물,980,2070,16.2,19.0,1.79,1.05,중간,9
400,NFT발행,130,90,0.7,0.8,0.52,0.76,높음,15
401,블록체인커뮤니티,20,10,0.0,0.0,0.0,0.0,높음,3
402,가상화폐거래소제작,10,< 10,0.0,0.0,0.0,0.0,높음,3
403,코인상장컨설팅,< 10,10,0.0,0.0,0.0,0.0,중간,2
404,4차산업혁명직업,330,1000,0.9,1.5,0.22,0.14,높음,15
405,라이다,1600,2030,3.6,5.5,0.23,0.28,높음,15
406,NFT거래소제작,10,< 10,0.0,0.3,0.0,4.17,중간,9
407,비트코인회사,30,110,0.0,0.3,0.0,0.28,높음,15
408,NFT마켓플레이스,100,50,0.6,0.3,0.56,0.49,높음,15
409,NFT등록,40,100,0.0,0.0,0.0,0.0,높음,3
410,가상화폐전망,840,7030,2.7,70.0,0.34,1.1,높음,15
411,NFT사이트,150,140,0.8,2.3,0.55,1.59,중간,12
412,NFT커뮤니티,70,110,2.0,0.0,2.53,0.0,낮음,4
413,NFT회사,20,50,0.1,0.8,0.55,1.54,높음,15
414,TOKEN,910,2260,0.0,0.0,0.0,0.0,높음,3
415,비트코인트레이딩,10,10,0.1,0.0,0.38,0.0,높음,15
416,P2P금융,200,290,2.1,8.8,1.1,3.28,높음,15
417,블록스타즈,30,30,0.0,0.0,0.0,0.0,중간,1
418,P2E코인,110,310,0.0,0.0,0.0,0.0,높음,3
419,BZZ코인,< 10,60,0.0,0.9,0.0,1.93,중간,1
420,WEB3.0코인,90,450,0.0,0.0,0.0,0.0,중간,2
421,4차산업강의,< 10,< 10,0.0,0.0,0.0,0.0,높음,3
422,NFT거래플랫폼,< 10,< 10,0.0,0.0,0.0,0.0,중간,2
423,재테크,9270,26300,6.5,78.5,0.08,0.33,높음,15
424,블록체인홈페이지,10,< 10,1.0,0.0,9.1,0.0,낮음,4
425,무돌코인,140,580,0.0,0.0,0.0,0.0,중간,2
426,4차산업특강,< 10,< 10,0.0,0.0,0.0,0.0,중간,9
427,알트코인시세,10,140,0.0,0.6,0.0,0.45,중간,9
428,핀테크API,< 10,< 10,0.0,0.0,0.0,0.0,중간,11
429,국세청API,240,30,0.0,0.0,0.0,0.0,높음,3
430,금융데이터분석,80,80,0.3,0.3,0.32,0.35,높음,15
431,메타버스쇼핑몰,40,30,0.0,0.0,0.0,0.0,높음,3
432,GRIFFIN,190,490,0.4,2.8,0.21,0.6,중간,13
433,비트코인그래프,210,700,0.7,3.2,0.39,0.51,높음,15
434,블록체인API,< 10,< 10,0.0,0.0,0.0,0.0,높음,3
435,해외법인,240,220,0.1,1.3,0.06,0.63,높음,15
436,NFT솔루션,10,< 10,0.2,1.5,1.48,13.64,높음,14
437,블록체인창업,< 10,< 10,0.0,0.0,0.0,0.0,중간,11
438,베리드코인,10,50,2.0,0.0,16.67,0.0,낮음,1
439,코인구매,40,80,0.4,2.0,1.0,3.06,높음,15
440,P2E게임개발,< 10,< 10,0.0,0.0,0.0,0.0,중간,6
441,PKI,370,290,0.0,0.3,0.0,0.1,높음,14
442,비트코인구매,140,450,1.7,10.3,1.16,2.66,높음,15
443,무료코인,60,340,0.1,0.7,0.2,0.22,중간,9
444,메타버스게더타운,100,70,0.6,1.1,0.59,1.33,중간,9
445,비트코인대리구매,< 10,< 10,0.0,0.0,0.0,0.0,높음,3
446,미국비트코인,70,5120,0.0,0.7,0.0,0.02,높음,3
447,비트코인카페,150,2370,0.0,0.0,0.0,0.0,중간,2
448,주가예측,20,70,0.0,0.0,0.0,0.0,높음,15
449,코스피지수전망,100,1260,0.0,0.0,0.0,0.0,높음,3
450,LG전자주가전망,50,230,0.0,0.0,0.0,0.0,중간,10
451,호반건설주가,110,380,0.0,0.3,0.0,0.1,중간,7
452,구간암호화,10,< 10,0.3,0.0,1.48,0.0,낮음,4
453,핀테크교육,30,60,0.0,0.0,0.0,0.0,높음,15
454,내일배움카드인터넷강의,70,80,1.7,5.3,2.14,6.91,높음,15
455,개발자채용,640,920,3.5,8.0,0.57,0.9,높음,15
456,비트코인공부,30,140,0.0,3.0,0.0,2.5,높음,15
457,SAS학원,< 10,30,0.4,3.3,6.67,8.13,중간,8
458,백서디자인,20,< 10,0.5,0.5,2.16,7.15,높음,15
459,급등코인,20,130,0.3,0.5,1.27,0.49,중간,9
460,코인분석,20,60,0.1,0.3,0.34,0.5,높음,14
461,백서작성,10,< 10,0.0,0.0,0.0,0.0,높음,3
462,국내코인거래소,200,520,0.3,1.0,0.18,0.23,높음,15
463,엔트리코딩,1750,2210,2.0,10.5,0.12,0.48,높음,15
464,비트코인송금,50,110,0.1,0.0,0.26,0.0,높음,15
465,레퍼럴,910,1370,0.3,0.7,0.04,0.06,높음,3
466,브릭스트림,30,30,1.2,2.8,3.97,8.34,낮음,4
467,블록체인스터디,10,< 10,0.0,0.0,0.0,0.0,중간,10
468,코인스테이킹,140,460,0.5,0.0,0.33,0.0,중간,13
469,암호화폐교육,< 10,< 10,0.0,0.0,0.0,0.0,높음,3
470,블록체인부트캠프,10,30,0.0,0.0,0.0,0.0,중간,1
471,NFT강의,80,30,0.9,1.0,1.13,3.58,중간,13
472,VR,8820,31200,6.5,219.0,0.08,0.75,높음,15
473,NFT교육,80,30,2.8,1.0,3.0,2.78,중간,9
474,가상자산,2750,2500,0.9,6.5,0.04,0.27,높음,15
475,해외법인설립,410,180,2.1,2.8,0.49,1.66,높음,15
476,디파이개발,10,< 10,0.2,0.0,1.25,0.0,중간,6
477,민팅,850,1140,0.0,0.0,0.0,0.0,중간,7
478,블록체인오딧,< 10,< 10,1.0,0.0,100.0,0.0,중간,1
479,4차산업혁명교육,180,140,0.1,0.5,0.08,0.31,높음,15
480,국비지원IT,90,130,1.3,6.2,1.54,4.89,높음,15
481,디파이코인,350,1850,0.3,0.3,0.11,0.03,높음,3
482,QUANTSTAMP,< 10,< 10,0.0,0.0,0.0,0.0,중간,1
483,NFT기술,40,40,0.0,0.0,0.0,0.0,높음,3
484,NFT작가,80,240,0.9,0.3,0.96,0.16,중간,9
485,비트코인사이트,150,200,0.3,3.8,0.26,2.03,높음,15
486,가상화폐투자방법,< 10,< 10,0.0,0.0,0.0,0.0,높음,3
487,비트코인봇,< 10,10,0.0,0.0,0.0,0.0,높음,3
488,코인무료방,< 10,< 10,0.0,0.0,0.0,0.0,중간,7
489,웹,1620,5200,0.3,2.0,0.03,0.05,높음,15
490,웹개발국비지원,100,70,0.5,4.8,0.52,8.58,높음,15
491,JAVA교육,50,20,0.4,0.4,0.87,1.67,높음,15
492,JSP,1860,1790,0.7,1.9,0.04,0.12,높음,15
493,프로그램교육,20,20,0.4,0.4,1.34,1.76,높음,15
494,개발자공부,160,170,0.6,0.8,0.4,0.43,높음,15
495,IT교육과정,< 10,< 10,0.1,0.0,1.49,0.0,높음,15
496,1비트코인,100,370,0.0,0.8,0.0,0.24,중간,8
497,가상화폐가격,20,30,0.0,0.5,0.0,1.62,높음,15
498,던프로토콜시세,< 10,60,0.0,2.8,0.0,4.49,낮음,3
499,바이오패스포트,730,5500,1.5,1.5,0.23,0.03,높음,3
500,비트코인거래,120,350,0.8,6.5,0.72,2.17,중간,12
501,비트코인매매,30,50,0.2,0.0,0.64,0.0,중간,11
502,비트코인매수방법,< 10,30,0.0,0.0,0.0,0.0,높음,3
503,비트코인수수료,110,500,0.3,0.7,0.34,0.16,중간,7
504,비트코인종목,20,80,0.1,0.3,0.67,0.4,높음,14
505,비트코인추천,40,190,0.1,5.5,0.19,3.85,높음,15
506,비트코인투자방법,30,60,0.1,0.0,0.59,0.0,높음,14
507,비트코인현재가,20,560,0.0,0.0,0.0,0.0,중간,10
508,비트코인환전,40,120,0.0,0.0,0.0,0.0,중간,9
509,신규상장코인,30,160,0.0,0.0,0.0,0.0,높음,3
510,암호화폐시세,90,1210,0.5,0.3,0.58,0.03,중간,10
511,암호화폐전망,120,600,0.4,0.3,0.33,0.06,중간,11
512,추천코인,20,160,0.0,0.0,0.0,0.0,높음,3
513,코인트레이딩,30,40,0.1,0.0,0.21,0.0,중간,13
514,폴라리스쉐어,240,610,0.0,0.0,0.0,0.0,높음,3
515,한국코인거래소,90,290,0.5,7.5,0.58,2.72,높음,14
516,4차산업직업,60,120,0.1,0.0,0.12,0.0,높음,15
517,NFT플랫폼,210,150,0.3,0.5,0.13,0.31,높음,15
518,핀테크기업,640,1650,0.4,0.3,0.07,0.03,높음,15
519,개발자교육,170,220,1.1,6.2,0.6,2.93,높음,15
520,블록딜코인,20,< 10,0.0,0.0,0.0,0.0,중간,1
521,코인블록딜,160,200,0.0,0.0,0.0,0.0,중간,1
522,코인판매,20,60,0.0,0.0,0.0,0.0,높음,3
523,코인프라이빗세일,200,230,0.7,0.0,0.35,0.0,높음,3
524,복스에딧,50,30,0.0,0.0,0.0,0.0,중간,2
525,NFT에이전시,< 10,< 10,0.0,0.0,0.0,0.0,중간,2
526,NFT디자이너,< 10,< 10,0.0,0.7,0.0,6.67,중간,2
527,NFT학원,60,30,0.4,2.5,0.69,8.63,중간,11
528,NFT디자인,30,20,0.4,0.0,1.21,0.0,높음,3
529,ROYALNFT,< 10,< 10,0.0,0.0,0.0,0.0,중간,1
530,로얄NFT,< 10,< 10,1.7,0.0,33.34,0.0,낮음,1
531,NFT대행사,< 10,< 10,1.9,1.0,38.89,50.0,낮음,4
532,비트코인강의,10,20,0.4,2.0,4.0,8.0,높음,15
533,NFT강좌,< 10,< 10,0.0,0.0,0.0,0.0,낮음,1
534,AI,13100,43200,4.2,84.0,0.04,0.23,높음,15
535,P2P펀딩,50,50,0.5,2.3,1.12,4.79,높음,15
536,메타버스기획,30,10,0.2,0.0,0.61,0.0,높음,15
537,코인봇,10,60,0.0,0.3,0.0,0.6,중간,7
538,전산개발,90,90,0.3,0.8,0.43,0.85,높음,15
539,NFT사진,40,130,0.0,0.0,0.0,0.0,높음,3
540,샌드박스랜드,20,30,0.0,0.0,0.0,0.0,중간,2
541,NFT사업,50,60,0.3,0.3,0.63,0.45,중간,9
542,NFT제작업체,< 10,< 10,0.1,0.0,3.13,0.0,중간,11
543,비트코인종류,100,630,0.2,7.8,0.22,1.47,높음,14
544,어플만들기,820,1460,4.9,27.0,0.62,1.99,높음,15
545,상장코인,40,300,0.0,0.0,0.0,0.0,높음,3
546,NFT업체,< 10,< 10,0.2,0.0,2.33,0.0,중간,6
547,OTC거래소,10,50,0.0,0.0,0.0,0.0,높음,3
548,NFT크리에이터,60,50,0.0,0.9,0.0,4.0,높음,3
549,CHAINIZ,< 10,< 10,0.0,0.0,0.0,0.0,낮음,2
550,메타버스개발자,60,50,0.3,0.8,0.39,1.23,중간,11
551,NFT컨설팅,< 10,< 10,0.0,0.5,0.0,10.0,중간,13
552,메타버스2,1110,7680,0.0,0.0,0.0,0.0,중간,2
553,가상화폐종류,120,320,1.1,0.7,0.97,0.26,높음,15
554,NFT플랫폼제작,< 10,< 10,0.0,0.0,0.0,0.0,낮음,2
555,엔트러스트,50,40,0.0,0.0,0.0,0.0,높음,3
556,가상화폐거래방법,10,40,0.0,0.0,0.0,0.0,중간,11
557,NSHIELD,< 10,< 10,0.0,0.0,0.0,0.0,중간,2
558,엔사이퍼,< 10,< 10,0.0,0.0,0.0,0.0,낮음,2
559,ENTRUST,860,2220,0.0,0.3,0.0,0.02,높음,3
560,코인종류,260,1110,0.7,9.8,0.34,1.05,높음,15
561,금융플랫폼,120,100,0.5,0.8,0.39,0.72,높음,15
562,메타버스게임만들기,10,10,0.0,0.0,0.0,0.0,높음,3
563,코인차트,280,520,0.6,4.3,0.24,1.03,높음,15
564,항생지수,1270,8740,0.5,0.3,0.05,0.01,중간,11
565,롯데코인,20,160,0.0,0.0,0.0,0.0,높음,3
566,TSMC주가,3530,30100,0.0,2.0,0.0,0.01,높음,3
567,테더코인,170,620,0.0,0.0,0.0,0.0,높음,3
568,코인마켓,1570,5030,0.0,0.0,0.0,0.0,높음,3
569,PMI지수,1710,4020,0.0,0.0,0.0,0.0,중간,2
570,CATL주가,930,3940,0.0,0.0,0.0,0.0,중간,2
571,홈택스API,70,10,0.5,0.0,0.65,0.0,중간,11
572,개발자포트폴리오,570,580,0.7,3.3,0.13,0.58,높음,15
573,애널리스트,3500,14100,0.7,0.7,0.03,0.01,높음,15
574,신탁,5010,10900,0.3,0.7,0.01,0.01,높음,3
575,세무진단,10,10,0.3,0.3,1.78,2.86,높음,15
576,물류플랫폼,110,70,2.2,1.8,1.93,2.56,높음,15
577,물류기업,120,90,0.4,0.3,0.36,0.28,높음,15
578,관리회계,1120,1020,0.4,0.0,0.04,0.0,높음,15
579,자산운용사,2640,4310,3.7,21.8,0.15,0.53,높음,15
580,PEF,3380,5920,1.0,0.0,0.04,0.0,중간,12
581,ETF,14000,33600,7.6,117.8,0.06,0.39,높음,15
582,해외물류대행,20,< 10,0.3,0.3,1.39,3.58,높음,15
583,펀드,5010,13000,5.9,54.0,0.13,0.47,높음,15
584,투자신탁,440,690,0.1,0.3,0.02,0.05,높음,15
585,택스,900,1300,2.3,22.3,0.29,1.77,높음,15
586,채권관리,320,280,0.0,0.5,0.0,0.18,높음,15
587,PMI,4930,5830,5.4,11.8,0.12,0.23,높음,15
588,자본시장법,5540,1340,1.6,7.3,0.04,0.59,높음,15
589,자산운용,1470,1300,1.0,5.3,0.07,0.43,높음,15
590,해외창업,100,250,1.0,4.5,1.0,1.9,높음,15
591,해외지사설립,200,10,0.1,0.9,0.06,4.29,높음,15
592,홍콩법인세율,20,10,0.0,0.0,0.0,0.0,높음,3
593,중국회계,10,40,0.0,0.0,0.0,0.0,높음,3
594,NFT자격증,10,10,0.7,0.0,5.56,0.0,높음,3
595,동화작가되는법,40,190,1.3,2.0,3.08,1.06,중간,6
596,NCIPHER,< 10,< 10,0.0,0.0,0.0,0.0,높음,3
597,메타버스배우기,20,20,0.6,2.0,1.99,6.67,높음,15
598,정산프로그램,80,40,1.5,0.5,1.75,1.29,높음,15
599,IOT서비스,40,60,0.0,0.0,0.0,0.0,높음,15
600,AI솔루션,220,140,2.4,2.2,1.09,1.57,높음,15
601,AI빅데이터,160,280,0.2,1.3,0.13,0.46,높음,15
602,머신러닝학원,30,20,1.4,2.2,4.25,11.58,높음,15
603,머신러닝딥러닝,470,270,0.1,0.3,0.03,0.12,높음,15
604,인공지능개발자,170,290,0.1,0.0,0.07,0.0,높음,15
605,인공지능전문가,240,320,0.1,0.8,0.03,0.2,높음,15
606,AI전문가,50,80,0.0,0.0,0.0,0.0,높음,15
607,AI국비교육,< 10,10,0.0,0.0,0.0,0.0,높음,15
608,NFT특강,< 10,< 10,0.0,0.0,0.0,0.0,낮음,3
609,컴퓨터로돈벌기,190,250,1.9,7.3,1.02,2.76,높음,15
610,의료데이터,170,190,0.1,0.0,0.08,0.0,높음,15
611,메타버스아카데미,220,130,0.5,1.8,0.24,1.37,중간,12
612,의료인공지능,340,300,0.1,2.4,0.04,0.66,높음,15
613,학점은행제컴퓨터공학,610,440,7.8,20.4,1.24,4.78,높음,15
614,XT거래소,1440,5780,0.0,1.0,0.0,0.02,높음,3
615,COINSBIT,130,270,0.0,0.0,0.0,0.0,높음,3
616,BITMART,250,350,0.0,0.4,0.0,0.12,높음,3
617,코인마켓캡등록,10,< 10,0.0,0.0,0.0,0.0,높음,3
618,엘뱅크,3380,3520,2.0,1.0,0.07,0.05,중간,1
619,엘뱅크상장,20,20,0.0,0.0,0.0,0.0,높음,3
620,엘뱅크거래소,1110,3060,2.0,2.0,0.21,0.12,중간,1
621,가상화폐결제시스템,< 10,< 10,0.0,0.0,0.0,0.0,높음,3
622,엑셀자동화,460,220,4.7,5.3,1.07,2.42,높음,15
623,의료데이터플랫폼,< 10,< 10,0.0,0.0,0.0,0.0,중간,1
624,쇼핑몰데이터분석,10,< 10,0.0,0.0,0.0,0.0,높음,3
625,메타버스공부,40,40,0.1,0.5,0.15,1.2,높음,15
626,코인채굴기,140,510,1.7,18.5,1.23,4.11,높음,15
627,홍콩세법,< 10,< 10,0.0,0.0,0.0,0.0,높음,3
628,홍콩사모펀드,< 10,10,0.0,0.0,0.0,0.0,중간,2
629,중국법인설립비용,< 10,< 10,0.5,0.0,5.13,0.0,낮음,4
630,중국지사설립,< 10,< 10,0.0,0.0,0.0,0.0,높음,15
631,메타버스디자이너,50,80,0.1,0.3,0.19,0.41,중간,10
632,AI인공지능,790,6160,1.7,65.1,0.23,1.15,높음,15
633,NFT외주,< 10,< 10,0.0,0.0,0.0,0.0,중간,7
634,VR공부,< 10,10,0.0,0.8,0.0,5.36,높음,14
635,VR강의,20,10,0.2,0.0,1.43,0.0,높음,15
636,가상화폐,4570,41200,19.1,181.5,0.44,0.48,높음,15
637,코인환전,30,120,0.0,0.0,0.0,0.0,높음,3
638,코인사이트,190,310,1.1,3.3,0.69,1.32,높음,15
639,메타버스사업,70,80,0.4,0.7,0.6,0.83,중간,7
640,NFT기업,20,20,0.0,0.0,0.0,0.0,높음,3
641,VR게임,1690,8990,3.7,92.8,0.23,1.12,높음,15
642,세미나,5040,10100,2.4,21.5,0.05,0.22,높음,15
643,웹코딩학원,< 10,10,0.0,0.5,0.0,3.34,높음,15
644,메타버스강좌,20,10,0.1,0.0,0.59,0.0,높음,15
645,코스닥,63000,397500,2.5,162.2,0.01,0.05,높음,15
646,메탈코인,270,2780,0.5,0.3,0.18,0.02,중간,8
647,비트코인선물거래,600,2160,2.3,22.3,0.43,1.14,중간,13
648,이더리움가격,340,1220,0.2,12.9,0.07,1.2,높음,15
649,KTAI코딩블록,20,20,0.0,0.0,0.0,0.0,중간,2
650,AI코디니,140,30,0.0,0.0,0.0,0.0,낮음,0
651,AI학습,180,330,1.0,3.6,0.53,1.19,높음,15
652,코디니,130,80,0.0,0.0,0.0,0.0,낮음,0
653,KT코딩,30,100,0.3,0.3,0.97,0.32,높음,3
654,KT인공지능코딩,< 10,< 10,0.0,0.0,0.0,0.0,중간,1
655,KT코딩블록,10,< 10,0.0,0.0,0.0,0.0,중간,1
656,AICODINY,10,10,0.0,0.0,0.0,0.0,낮음,0
657,AI코딩블록,10,< 10,0.0,0.0,0.0,0.0,중간,1
658,KTAI교육,20,20,0.0,0.0,0.0,0.0,중간,1
659,KT코딩교육,< 10,20,0.0,0.0,0.0,0.0,낮음,0
660,AIMAKERSKIT,< 10,< 10,0.0,0.0,0.0,0.0,낮음,2
661,KTAI코딩팩,< 10,< 10,0.0,0.0,0.0,0.0,중간,1
662,NFT프로젝트,50,50,0.3,0.3,0.59,0.62,중간,7
663,OPENSEA,1640,2320,7.6,16.1,0.48,0.76,낮음,3
664,그라운드X,280,330,0.3,0.0,0.13,0.0,높음,3
665,NFT관련주,570,1410,0.3,0.0,0.09,0.0,중간,12
666,서울옥션NFT,40,30,0.0,0.0,0.0,0.0,중간,2
667,비트코인선물,600,1900,2.2,12.5,0.4,0.75,중간,13
668,채권,18800,48100,4.7,29.4,0.03,0.07,높음,15
669,내일배움카드교육,210,520,0.9,10.0,0.45,2.04,높음,15
670,취업학원,170,460,2.6,14.4,1.46,3.29,높음,15
671,세금,7690,19200,2.9,9.7,0.05,0.06,높음,15
672,메타버스란무엇인가,60,350,2.3,0.3,3.81,0.11,낮음,4
673,메타버스콘텐츠,100,70,0.4,0.0,0.34,0.0,높음,14
674,메타버스교육과정,10,10,0.0,0.0,0.0,0.0,높음,3
675,메타버스게임,920,1820,2.1,21.8,0.24,1.26,높음,15
676,카드형OTP,310,600,0.0,0.3,0.0,0.06,높음,3
677,가상계정,< 10,< 10,1.0,0.0,33.34,0.0,중간,1
678,OTID,< 10,< 10,1.0,0.0,20.0,0.0,중간,1
679,앱인증,< 10,10,0.0,0.0,0.0,0.0,중간,2
680,파이썬프로그래밍,210,370,0.1,0.0,0.03,0.0,높음,15
681,NFT거래,230,230,0.3,1.3,0.12,0.54,높음,15
682,엔플라넷,80,110,0.0,0.0,0.0,0.0,낮음,0
683,메타버스인강,< 10,10,0.2,0.8,2.95,4.17,중간,6
684,코인방,20,110,0.4,0.3,1.65,0.33,중간,8
685,비트코인선물거래소,120,200,0.2,0.0,0.21,0.0,중간,10
686,아이패드모델링,30,80,0.0,0.0,0.0,0.0,높음,3
687,NFT작품,70,60,0.9,0.0,1.32,0.0,중간,11
688,3D파일,100,50,0.2,1.1,0.19,2.1,중간,11
689,캐릭터애니메이션,50,50,0.1,0.3,0.26,0.5,높음,15
690,실사,3810,5710,1.8,11.0,0.05,0.21,높음,15
691,파생상품,1660,3010,1.3,9.3,0.09,0.34,높음,15
692,메타버스캐릭터,100,140,0.0,0.0,0.0,0.0,중간,9
693,박기웅그림,70,1220,0.0,0.0,0.0,0.0,낮음,0
694,VR학원,30,20,1.4,2.0,4.38,7.85,높음,15
695,대체불가토큰,100,280,0.0,0.0,0.0,0.0,높음,3
696,NFT매매,< 10,< 10,0.3,0.0,5.0,0.0,낮음,3
697,미술NFT,40,60,0.0,0.0,0.0,0.0,높음,3
698,NFT음악,20,20,0.0,0.0,0.0,0.0,중간,1
699,한국NFT거래소,10,20,1.0,0.0,9.1,0.0,중간,1
700,NFT부동산,20,40,0.0,0.0,0.0,0.0,높음,3
701,메타버스수업,140,200,0.2,1.3,0.14,0.63,높음,15
702,금NFT,20,20,0.0,1.0,0.0,3.78,낮음,2
703,옴니원NFT,20,< 10,1.1,0.0,5.72,0.0,낮음,2
704,옴니원NFT마켓플레이스,10,< 10,0.0,0.0,0.0,0.0,중간,2
705,버추얼인플루언서,300,410,1.1,1.0,0.36,0.27,중간,10
706,버츄얼,2650,7910,10.6,4.3,0.43,0.07,중간,8
707,제페토강좌,< 10,< 10,0.2,0.0,3.51,0.0,중간,10
708,아이디찾기,300,1380,0.0,0.8,0.0,0.07,높음,3
709,엑셀,57100,33500,21.6,53.0,0.04,0.17,중간,6
710,NFT거래사이트,< 10,< 10,0.0,0.0,0.0,0.0,낮음,2
711,코인시그널,30,60,0.2,2.5,0.67,4.81,중간,9
712,회사사보,110,100,0.3,1.0,0.3,0.9,높음,15
713,기업사보,70,20,0.4,0.3,0.61,1.25,높음,15
714,사보만들기,< 10,< 10,0.1,0.5,1.51,12.5,높음,15
715,사보디자인,40,40,1.3,0.0,2.88,0.0,높음,15
716,사내보,100,130,0.0,0.0,0.0,0.0,높음,15
717,비트코인차트,2220,9360,5.2,97.5,0.26,1.19,높음,14
718,제페토배우기,< 10,< 10,0.0,0.7,0.0,11.12,중간,11
719,코인호재,210,1000,0.0,0.0,0.0,0.0,높음,3
720,VR교육,120,100,0.5,2.3,0.46,2.25,높음,15
721,가상현실교육,10,10,0.0,0.0,0.0,0.0,높음,15
722,머신러닝,4220,4180,1.0,14.0,0.03,0.35,높음,15
723,메타버스크리에이터학원,< 10,< 10,0.0,0.0,0.0,0.0,중간,6
724,제페토수업,20,40,0.0,0.0,0.0,0.0,낮음,4
725,인천메타버스학원,10,< 10,0.2,0.0,1.54,0.0,높음,15
726,코인정보,300,690,2.3,15.3,0.87,2.7,높음,15
727,투자,4140,9280,11.3,63.2,0.29,0.77,높음,15
728,NFT투자,150,120,0.1,1.7,0.05,1.26,높음,14
729,일산메타버스학원,50,< 10,0.3,0.0,0.67,0.0,높음,15
730,메타버스코딩,40,60,0.0,0.0,0.0,0.0,높음,3
731,증강현실게임,100,220,0.2,2.5,0.18,1.25,높음,15
732,NFT구매,60,60,0.2,0.8,0.29,1.23,중간,11
733,에이다코인,470,2620,1.3,0.0,0.28,0.0,중간,6
734,카이버네트워크,400,5220,0.2,0.3,0.06,0.01,중간,6
735,코인공부,100,250,0.3,0.3,0.31,0.16,높음,15
736,코인선물거래,420,1390,3.4,1.0,0.86,0.09,중간,7
737,비트코인전망,3560,34600,3.1,3.7,0.1,0.02,중간,13
738,코인환전소,10,30,0.0,0.0,0.0,0.0,중간,1
739,트론코인,640,8730,0.6,0.0,0.11,0.0,중간,9
740,코인시세,2310,26100,19.6,361.3,0.92,1.61,중간,12
741,내일배움카드유니티,< 10,< 10,0.0,1.0,0.0,20.0,중간,2
742,기업보안관리,< 10,30,0.0,0.0,0.0,0.0,높음,15
743,NFT하는법,10,30,0.0,0.0,0.0,0.0,높음,3
744,NFT거래량,30,10,0.0,0.0,0.0,0.0,중간,2
745,메타버스크리에이터,220,270,0.8,0.0,0.37,0.0,중간,13
746,사진NFT,40,140,1.2,0.5,2.95,0.42,낮음,2
747,NFT아트,220,340,0.5,2.1,0.22,0.63,중간,13
748,게임개발프로그래밍,10,30,0.0,0.0,0.0,0.0,낮음,4
749,기술배우기,700,3450,6.3,83.5,0.92,2.49,높음,15
750,NFT화이트리스트,20,10,0.0,0.0,0.0,0.0,높음,3
751,부동산크라우드펀딩,20,40,0.8,5.0,3.08,11.63,높음,15
752,비트코인거래소,1040,2300,10.3,62.5,1.12,3.04,중간,9
753,NFT홈페이지,< 10,< 10,0.0,0.0,0.0,0.0,중간,8
754,KTAI,830,1390,1.7,11.3,0.25,1.0,높음,14
755,메타버스제페토,290,340,0.9,2.3,0.3,0.67,중간,12
756,그림NFT,30,80,0.2,0.3,0.58,0.45,중간,6
757,코인리딩,140,190,8.9,7.8,6.04,4.15,높음,15
758,싱가포르법인설립,100,60,2.7,2.0,2.58,3.13,높음,15
759,메타버스자격증,150,210,2.4,1.2,1.71,0.57,중간,10
760,슈퍼레어,70,220,0.0,0.3,0.0,0.15,높음,3
761,NFT게임,560,950,0.6,0.3,0.12,0.04,중간,8
762,AI개발,120,150,0.8,1.8,0.73,1.33,높음,15
763,메타버스견적,< 10,< 10,0.0,0.0,0.0,0.0,높음,14
764,메타버스디자인,90,110,0.3,2.5,0.33,2.14,중간,13
765,금융클라우드,60,30,0.1,0.0,0.11,0.0,높음,15
766,메타버스플랫폼,1830,2620,5.5,32.5,0.31,1.27,높음,15
767,도지코인채굴,230,390,0.1,1.3,0.05,0.35,중간,9
768,코인추천,300,1480,2.9,11.8,1.12,1.06,높음,15
769,사사제작,50,10,1.5,2.4,2.83,16.22,높음,15
770,메타버스개발,70,40,0.9,0.0,1.02,0.0,높음,15
771,품질관리계획서,910,250,1.3,1.0,0.14,0.4,높음,14
772,건설안전용품,340,490,19.1,28.2,5.44,5.47,높음,15
773,시설관리취업,30,90,0.8,4.8,2.26,5.73,높음,14
774,품질교육,680,190,5.3,4.3,0.8,2.16,높음,15
775,세틀뱅크가상계좌,< 10,< 10,0.0,1.0,0.0,16.67,중간,1
776,탈레스HSM,< 10,< 10,0.3,0.0,5.89,0.0,낮음,3
777,관리단구성,40,20,0.0,1.2,0.0,7.7,중간,6
778,도시정비법,1680,650,0.4,0.3,0.03,0.06,중간,13
779,상가재건축,110,250,0.2,2.0,0.19,0.82,높음,15
780,VR국비,< 10,< 10,0.2,0.0,3.18,0.0,중간,9
781,메타버스과정,20,< 10,0.0,0.0,0.0,0.0,중간,5
782,매타버스,420,2220,0.4,14.8,0.09,0.74,중간,11
783,금융서비스,150,200,0.0,0.8,0.0,0.38,높음,15
784,빗썸NFT,50,20,0.0,0.0,0.0,0.0,중간,2
785,트라이엄프엑스,100,450,0.0,0.0,0.0,0.0,높음,3
786,빗썸NFT거래소,< 10,< 10,0.0,0.0,0.0,0.0,중간,1
787,코빗NFT,70,90,0.0,0.0,0.0,0.0,중간,1
788,라리블,100,60,0.0,0.5,0.0,0.81,중간,2
789,NFT매니아,70,90,0.0,0.0,0.0,0.0,중간,2
790,엔버월드,760,1870,0.0,0.0,0.0,0.0,낮음,0
791,유튜브크리에이터학원,10,30,0.4,3.8,2.5,11.72,높음,15
792,NFT수업,< 10,10,0.0,1.2,0.0,11.12,낮음,4
793,NFT전시,90,100,0.7,0.0,0.75,0.0,중간,8
794,이더리움거래소,20,20,0.3,0.3,1.56,1.24,중간,11
795,NFT토큰,40,50,0.0,0.0,0.0,0.0,높음,3
796,NFT마켓솔루션,< 10,< 10,0.0,0.0,0.0,0.0,낮음,3
797,NFT기획,< 10,< 10,0.7,0.0,9.53,0.0,높음,3
798,금융,7570,21500,2.1,28.8,0.03,0.14,높음,15
799,메타콩즈,2260,3970,0.0,0.0,0.0,0.0,낮음,0
800,부동산NFT,90,130,0.0,0.0,0.0,0.0,높음,3
801,NFT쇼핑몰,10,< 10,0.0,0.0,0.0,0.0,중간,1
802,국내NFT,60,10,4.6,0.0,6.7,0.0,낮음,4
803,DATABASE,970,1070,0.1,1.0,0.02,0.11,높음,15
804,NFT시장,110,90,0.0,0.0,0.0,0.0,높음,3
805,광주유튜브강사,< 10,< 10,1.0,0.0,25.0,0.0,중간,1
806,크리에이터강사,< 10,10,0.3,0.0,14.29,0.0,낮음,4
807,비트코인채굴방법,80,150,0.3,1.8,0.4,1.28,중간,13
808,홍춘옥,230,620,0.0,0.3,0.0,0.06,높음,3
809,게더타운교육,10,< 10,0.3,0.0,2.37,0.0,중간,12
810,무료교육,480,520,3.1,15.0,0.64,3.01,높음,15
811,가상화폐강의,< 10,30,0.1,0.0,2.95,0.0,중간,9
812,AI온라인교육,< 10,< 10,0.4,0.0,4.45,0.0,높음,15
813,한국전자위임,< 10,< 10,0.0,0.0,0.0,0.0,낮음,1
814,주주총회위임장,90,80,0.2,3.3,0.25,4.34,높음,15
815,임시주주총회,180,130,0.0,1.3,0.0,0.95,높음,15
816,NFT경매,30,60,0.1,0.0,0.38,0.0,중간,9
817,자바스크립트,3950,3820,1.3,11.0,0.04,0.31,높음,15
818,코인무료,< 10,20,0.3,0.0,4.0,0.0,중간,6
819,망고코인,10,30,0.0,0.0,0.0,0.0,낮음,4
820,COSIGN,110,200,0.0,0.0,0.0,0.0,중간,1
821,VR기기대여,40,40,0.7,1.0,2.1,2.28,높음,15
822,VR게임장,350,3070,1.4,10.8,0.42,0.42,중간,13
823,VR제작,100,60,3.5,3.4,3.65,5.97,높음,15
824,VR대여,130,270,2.2,9.3,1.75,3.79,높음,15
825,VR렌탈,80,80,4.1,3.8,5.36,4.94,높음,15
826,VR안전,20,< 10,0.6,0.0,3.16,0.0,높음,15
827,VR장비,150,150,1.3,3.3,1.05,2.25,높음,15
828,AI개발자,170,350,0.4,2.8,0.21,0.82,높음,15
829,로블록스메타버스,90,160,0.0,0.0,0.0,0.0,중간,2
830,메타버스대학원,70,80,0.0,0.7,0.0,0.89,중간,1
831,무료코인채굴,110,630,0.6,0.3,0.62,0.06,낮음,3
832,모바일OTP,1980,5700,0.5,0.0,0.03,0.0,높음,14
833,증권차트,60,40,0.3,0.0,0.56,0.0,중간,12
834,선물리딩,10,70,0.5,0.0,1.99,0.0,중간,9
835,주가시세,20,930,0.0,1.8,0.0,0.2,높음,15
836,한온시스템주가,650,25200,0.0,0.0,0.0,0.0,중간,12
837,암호화폐채굴,30,70,0.4,0.0,0.93,0.0,높음,14
838,IT기업,710,1290,1.3,4.5,0.19,0.37,높음,15
839,메타버스온라인강의,< 10,< 10,0.0,0.0,0.0,0.0,낮음,0
840,성소라,50,60,0.0,0.0,0.0,0.0,높음,3
841,사보제작,50,20,2.9,0.4,5.86,1.54,높음,15
842,NFT지갑,60,90,0.1,1.0,0.22,0.94,중간,7
843,자연어처리강의,10,10,0.2,1.0,1.26,10.0,중간,8
844,인공지능학원,20,60,0.8,2.7,4.0,5.23,높음,15
845,물류,3290,3720,5.3,10.4,0.17,0.29,높음,15
846,암호화폐강의,< 10,< 10,0.3,0.0,16.67,0.0,낮음,3
847,코인거래소만들기,10,10,0.0,1.3,0.0,12.0,낮음,2
848,ICT기술,520,300,0.0,0.0,0.0,0.0,높음,3
849,비전있는직업,40,130,0.0,0.0,0.0,0.0,높음,14
850,영업컨설팅,10,10,0.3,0.3,1.76,1.57,높음,15
851,책자편집,10,< 10,0.1,0.3,0.52,4.17,높음,15
852,메타버스만들기,130,130,0.1,0.0,0.12,0.0,중간,7
853,보통주,300,300,0.4,0.0,0.13,0.0,높음,14
854,NFT대행,< 10,< 10,0.0,0.3,0.0,6.67,낮음,0
855,전자포스터,< 10,< 10,0.0,0.0,0.0,0.0,중간,10
856,펀드종류,150,280,0.1,1.3,0.1,0.5,높음,15
857,암호화폐종류,30,50,0.0,0.0,0.0,0.0,높음,3
858,수수료무료,30,50,0.4,1.5,1.33,3.49,높음,14
859,부산블록체인교육,< 10,< 10,1.0,0.0,14.29,0.0,중간,1
860,가상화폐구매,< 10,10,0.0,0.3,0.0,2.23,높음,3
861,한국전자위임주식회사,< 10,< 10,1.0,0.0,50.0,0.0,낮음,1
862,RPA,5920,5500,8.1,18.8,0.15,0.36,높음,15
863,포워딩회사,400,670,3.6,4.4,0.94,0.69,높음,15
864,학교입간판,40,10,1.7,0.0,4.96,0.0,높음,15
865,아파트입간판,10,10,0.6,0.0,3.53,0.0,높음,15
866,AR학원,< 10,< 10,0.0,0.0,0.0,0.0,높음,3
867,IT교육센터,50,30,0.1,0.3,0.12,0.76,높음,15
868,국비교육원,20,20,0.1,0.8,0.61,2.89,높음,15
869,IT국비교육,10,< 10,0.1,0.3,0.45,3.13,높음,15
870,AI학원,30,90,0.9,3.8,2.4,4.18,높음,15
871,디지털교재,20,10,0.0,0.0,0.0,0.0,높음,3
872,EBOOK디자인,< 10,< 10,0.0,0.0,0.0,0.0,중간,9
873,코인리딩방,80,250,2.7,9.5,3.38,4.01,높음,15
874,BAYC,490,910,0.0,1.3,0.0,0.16,높음,3
875,연예인NFT,40,10,0.0,0.0,0.0,0.0,중간,2
876,지브러시강의,< 10,< 10,0.0,0.0,0.0,0.0,높음,15
877,캐릭터인형제작,190,620,10.1,33.8,5.39,5.74,높음,15
878,ANATOMY,1680,4600,0.8,2.8,0.05,0.07,중간,9
879,인체,1040,2990,0.3,1.8,0.04,0.07,높음,14
880,3D프린터강의,10,20,0.1,1.3,1.03,5.21,높음,15
881,원형사,20,110,0.0,1.1,0.0,1.19,중간,5
882,메타마스크지갑,1100,2200,0.0,0.5,0.0,0.03,중간,2
883,골프NFT,20,10,0.0,0.0,0.0,0.0,중간,1
884,MSAISCHOOL,20,10,0.0,0.0,0.0,0.0,낮음,0
885,내일배움카드신청,5310,20600,3.1,144.3,0.07,0.74,높음,15
886,싱가폴법인,10,30,0.4,1.3,3.15,4.63,높음,15
887,싱가폴법인설립,40,30,1.1,0.5,2.81,1.42,높음,15
888,싱가포르페이퍼컴퍼니,< 10,< 10,0.0,0.6,0.0,12.5,중간,2
889,싱가포르사업,20,60,0.2,0.0,1.12,0.0,높음,14
890,싱가포르법인,40,40,0.8,0.8,1.74,2.06,높음,15
891,싱가포르회사,< 10,40,0.0,0.8,0.0,2.28,높음,14
892,아트토이수업,< 10,< 10,0.5,0.0,6.67,0.0,중간,2
893,크립토펑크,310,400,0.0,5.0,0.0,1.27,낮음,2
894,컴퓨터비전,570,410,0.7,0.6,0.12,0.17,높음,15
895,데이터베이스,3390,3310,1.9,4.5,0.06,0.15,높음,15
896,빅데이터분석,1200,980,2.3,5.8,0.2,0.58,높음,15
897,앨리스AI트랙,10,10,0.6,0.0,6.25,0.0,중간,2
898,앱개발강의,10,30,0.3,0.8,1.57,2.68,높음,15
899,넥사크로,880,770,0.0,0.3,0.0,0.05,높음,3
900,텐서플로,190,100,0.0,0.0,0.0,0.0,높음,3
901,앱개발,1540,1660,23.5,34.0,1.58,2.19,높음,15
902,메타버스커리큘럼,< 10,< 10,0.0,0.0,0.0,0.0,중간,2
903,사물인터넷교육,20,10,0.4,0.0,1.38,0.0,높음,15
904,텐서플로우,800,860,0.7,0.9,0.1,0.11,높음,15
905,VR교육과정,< 10,< 10,0.0,0.0,0.0,0.0,높음,3
906,SW,1670,3640,0.5,4.6,0.04,0.14,높음,15
907,코인투자방법,30,90,0.1,0.3,0.54,0.47,중간,13
908,데이터,4260,9110,4.9,22.8,0.13,0.28,높음,15
909,APENFT코인,570,7590,0.0,5.2,0.0,0.09,중간,2
910,APENFT시세,110,990,0.0,1.0,0.0,0.13,중간,1
911,에이피이엔에프티,320,2950,0.0,0.0,0.0,0.0,중간,1
912,APENFT,840,3240,2.0,2.0,0.27,0.08,중간,1
913,3D디자이너,140,300,0.3,3.0,0.21,1.01,높음,15
914,AI챗봇,2370,4800,2.5,33.5,0.12,0.75,높음,15
915,빗썸APENFT,< 10,< 10,0.0,1.0,0.0,20.0,중간,1
916,APENFT코인시세,< 10,60,0.0,0.0,0.0,0.0,중간,1
917,APENFT가격,< 10,70,0.0,0.0,0.0,0.0,중간,1
918,에이피이엔에프티시세,< 10,50,0.0,5.0,0.0,11.12,낮음,1
919,프로듀싱,410,1420,0.5,2.8,0.14,0.21,높음,15
920,영화시나리오작가,70,310,0.6,5.5,0.84,1.89,높음,15
921,영상연출학원,< 10,< 10,0.0,0.0,0.0,0.0,중간,13
922,CG아트,< 10,< 10,0.0,0.0,0.0,0.0,높음,3
923,코인가격,190,640,0.9,13.3,0.54,2.18,높음,15
924,말레이시아법인설립,50,30,0.6,0.0,1.08,0.0,높음,14
925,아두이노키트,1620,2330,16.4,32.5,1.0,1.42,높음,15
926,직장인내일배움카드,2550,4430,4.6,45.3,0.19,1.14,높음,15
927,메타버스크리에이터교육,< 10,< 10,0.0,0.0,0.0,0.0,중간,2
928,경기도무료교육,320,390,1.9,0.8,0.61,0.21,중간,12
929,핀테크국비지원,< 10,< 10,0.0,0.0,0.0,0.0,높음,3
930,삼성SDSRPA,30,10,0.0,0.0,0.0,0.0,중간,1
931,VR기술,40,60,0.0,0.0,0.0,0.0,높음,15
932,텐서플로우강의,< 10,< 10,0.0,0.0,0.0,0.0,높음,15
933,메테라코인,10,50,0.0,2.0,0.0,3.71,낮음,2
934,메테라,20,100,0.0,0.0,0.0,0.0,높음,3
935,프로그래머연봉,170,670,0.1,6.3,0.08,1.04,높음,15
936,유통,3780,7990,2.5,18.8,0.08,0.25,높음,15
937,비트거래소,10,20,0.0,0.0,0.0,0.0,중간,8
938,부산메타버스교육,10,10,0.2,0.3,1.2,3.34,중간,6
939,데이터사이언스,1640,2700,1.6,11.3,0.1,0.42,높음,15
940,가상화폐거래,20,50,0.0,1.0,0.0,1.89,중간,13
941,QLXMZHDLS,< 10,< 10,0.0,0.0,0.0,0.0,높음,3
942,아두이노RC카,170,180,0.1,0.0,0.04,0.0,높음,15
943,퀀트,1460,3030,1.7,1.0,0.13,0.04,중간,10
944,NFT액자,20,30,0.8,0.0,3.34,0.0,낮음,3
945,NFT아티스트,50,50,1.4,0.7,2.61,1.32,중간,6
946,한국NFT,20,30,0.0,1.0,0.0,2.71,높음,3
947,디지털콘텐츠,410,490,0.5,1.8,0.14,0.34,높음,15
948,서버개발자,140,190,0.1,2.3,0.05,1.25,높음,15
949,코빗스테이킹,< 10,20,0.0,0.0,0.0,0.0,중간,1
950,NFT파는법,< 10,10,0.0,0.0,0.0,0.0,중간,1
951,웹툰NFT,20,10,0.0,0.0,0.0,0.0,높음,3
952,NFT무료,< 10,10,0.0,0.0,0.0,0.0,낮음,1
953,유튜브강사,50,90,0.6,1.3,1.08,1.51,높음,15
954,영업사원교육,20,10,1.0,0.8,2.86,4.17,높음,15
955,클립드롭스,400,710,1.6,0.6,0.38,0.08,중간,2
956,제페토학원,20,30,0.2,1.5,0.77,5.23,높음,15
957,부동산개발컨설팅,20,10,0.0,0.5,0.0,3.13,높음,15
958,지브러쉬,1050,1110,2.3,7.3,0.23,0.73,높음,15
959,미디어학원,< 10,40,0.0,0.0,0.0,0.0,높음,3
960,백엔드개발자학원,40,20,0.9,1.6,2.08,6.67,높음,15
961,리더쉽강의,20,40,0.6,0.8,2.23,2.09,높음,15
962,국비지원종류,1220,4760,2.9,80.8,0.24,1.83,높음,15
963,증강현실전문가,10,20,0.0,0.3,0.0,0.93,높음,3
964,프론트엔드교육,20,10,0.2,0.5,0.77,3.58,높음,15
965,비트코인국내거래소,10,10,0.0,0.0,0.0,0.0,중간,1
966,재무컨설팅,160,320,0.9,3.8,0.62,1.19,높음,15
967,인공지능기술,160,140,0.1,0.3,0.04,0.17,높음,15
968,학교간판,40,40,0.5,1.0,1.2,2.78,높음,15
969,CISSP학원,10,< 10,0.2,0.3,1.41,4.77,높음,14
970,IT개발자,340,1250,0.5,9.5,0.15,0.82,높음,15
971,부산애니학원,20,50,0.1,0.8,0.52,1.93,높음,15
972,재직자내일배움카드,3640,6140,7.5,54.0,0.22,0.93,높음,15
973,IT회사,600,1470,1.8,8.8,0.31,0.68,높음,15
974,블렌더국비지원,20,20,1.1,0.4,5.64,1.67,낮음,4
975,개발자국비지원,200,280,1.5,10.2,0.72,3.94,높음,15
976,코인거래방법,70,220,0.7,5.3,1.0,2.75,높음,14
977,컴퓨터프로그래머학원,< 10,< 10,0.2,0.0,6.67,0.0,높음,15
978,투자받기,100,200,1.6,1.8,1.49,0.96,높음,15
979,VR배우기,< 10,< 10,0.1,0.3,4.77,14.29,높음,14
980,AR교육,40,30,0.1,0.3,0.3,0.68,높음,15
981,AI프로그램,570,380,0.6,1.8,0.11,0.51,높음,15
982,무통장입금확인,60,220,0.0,0.0,0.0,0.0,높음,3
983,VR앱개발,< 10,< 10,0.0,0.0,0.0,0.0,높음,14
984,기업연락처,10,< 10,1.0,0.0,5.31,0.0,중간,7
985,API업체,< 10,< 10,0.0,0.0,0.0,0.0,낮음,4
986,API플랫폼,10,< 10,0.8,0.0,3.96,0.0,높음,15
987,UI테스트자동화,10,10,0.0,0.0,0.0,0.0,높음,3
988,KPI컨설팅,10,10,0.0,0.0,0.0,0.0,높음,3
989,가상화폐매매,< 10,< 10,0.0,0.0,0.0,0.0,높음,3
990,분산투자,240,500,0.0,0.3,0.0,0.07,높음,15
991,제페토교육,30,40,0.4,0.5,1.22,1.36,높음,15
992,RFID제작,< 10,< 10,0.0,0.0,0.0,0.0,높음,3
993,기업주소,10,< 10,0.0,0.0,0.0,0.0,낮음,4
994,PSM솔루션,10,10,0.0,0.0,0.0,0.0,높음,3
995,SNS크롤링,10,< 10,0.0,0.0,0.0,0.0,높음,3
996,IOT국비지원,10,< 10,0.0,0.8,0.0,15.0,높음,15
997,데이터분석가,1090,1900,2.5,9.5,0.23,0.55,높음,15
998,새로운직업,160,500,0.1,1.0,0.04,0.2,높음,15
999,인공지능자격증,210,340,0.4,2.5,0.19,0.75,높음,15
1000,제페토강의,30,20,0.5,1.8,1.47,7.96,높음,15
1001,VC,3320,5380,1.3,2.7,0.05,0.06,높음,15
1002,KAIKAS,110,50,0.0,0.0,0.0,0.0,낮음,0
1003,제페토아이템,90,250,1.2,6.3,1.26,2.64,중간,8
1004,NFT미술작품,< 10,10,0.0,0.0,0.0,0.0,높음,3
1005,퓨리에버,50,330,0.0,0.0,0.0,0.0,중간,1
1006,미스블록,90,590,0.0,0.0,0.0,0.0,중간,1
1007,도니파이낸스,510,1600,0.0,1.4,0.0,0.14,중간,2
1008,디알씨모빌리티,80,430,0.0,0.0,0.0,0.0,중간,1
1009,DRC모빌리티,40,70,0.0,0.0,0.0,0.0,낮음,0
1010,클레이스왑,4210,29100,0.0,0.8,0.0,0.01,중간,1
1011,셀럽플러스,80,160,0.0,0.0,0.0,0.0,중간,2
1012,루아토큰,< 10,< 10,0.0,0.0,0.0,0.0,낮음,0
1013,마이크라우드,3350,1970,31.0,22.0,1.34,1.98,낮음,1
1014,딥러닝교육,50,30,0.3,1.5,0.49,4.42,높음,15
1015,인터렉티브제작,< 10,< 10,0.4,0.0,7.32,0.0,중간,8
1016,실감형콘텐츠제작,< 10,< 10,0.0,0.0,0.0,0.0,높음,3
1017,가상공간만들기,< 10,10,0.0,0.0,0.0,0.0,낮음,0
1018,가상공간디자인,10,10,0.0,0.0,0.0,0.0,중간,2
1019,인력개발원,880,1260,4.3,15.3,0.49,1.27,높음,15
1020,직업훈련소,220,770,2.3,10.3,1.03,1.42,높음,15
1021,P2P거래소,40,50,0.6,0.3,1.28,0.82,중간,5
1022,AI코딩,260,380,0.5,3.5,0.21,0.94,높음,15
1023,알트코인전망,40,170,0.0,0.0,0.0,0.0,중간,8
1024,코인이벤트,40,120,0.8,0.3,1.77,0.31,중간,7
1025,코인찾기,< 10,30,0.0,0.0,0.0,0.0,중간,1
1026,코인종목,30,140,0.0,0.0,0.0,0.0,낮음,3
1027,코인수익,30,150,0.0,0.0,0.0,0.0,중간,11
1028,코인거래수수료,20,70,0.0,0.0,0.0,0.0,중간,1
1029,코인확인,< 10,< 10,0.0,0.0,0.0,0.0,중간,2
1030,코인주식,70,410,0.0,0.0,0.0,0.0,낮음,4
1031,알트코인차트,< 10,< 10,0.0,0.0,0.0,0.0,높음,3
1032,코인실시간시세,< 10,10,0.0,0.0,0.0,0.0,높음,3
1033,코인시세확인,< 10,10,0.0,0.0,0.0,0.0,높음,3
1034,코인시세조회,10,< 10,0.0,0.0,0.0,0.0,높음,3
1035,코인현재가,< 10,< 10,0.0,0.0,0.0,0.0,낮음,4
1036,코인파생상품,< 10,< 10,0.0,0.0,0.0,0.0,중간,1
1037,코인챠트,10,20,0.0,0.0,0.0,0.0,중간,2
1038,코인매입,< 10,10,0.7,0.0,8.34,0.0,낮음,3
1039,데이터분석전문가,1370,2090,0.8,3.0,0.07,0.17,높음,15
1040,온라인경매,110,290,0.7,9.0,0.55,3.41,높음,15
1041,러쉬코인,160,1250,0.0,0.3,0.0,0.04,중간,5
1042,실감콘텐츠교육,< 10,< 10,0.0,0.0,0.0,0.0,중간,1
1043,AR디자인,10,20,0.0,0.7,0.0,4.17,낮음,2
1044,디지털콘텐츠교육,< 10,< 10,0.0,0.0,0.0,0.0,높음,3
1045,실감형콘텐츠교육,< 10,< 10,0.7,0.0,16.67,0.0,낮음,2
1046,자연어처리,970,810,0.7,4.0,0.08,0.5,높음,15
1047,고용노동부내일배움카드,1590,4820,5.2,81.3,0.34,1.76,높음,15
1048,인터넷경매,380,350,0.5,5.5,0.13,1.72,높음,15
1049,부산메타버스,30,40,0.1,0.5,0.37,1.23,높음,15
1050,내일배움카드신청방법,5590,31600,5.2,283.0,0.1,0.95,높음,15
1051,인공지능만들기,30,40,0.0,0.0,0.0,0.0,높음,15
1052,언리얼엔진,3160,2760,3.0,13.0,0.1,0.5,높음,15
1053,빅데이터취업,110,290,0.2,4.0,0.2,1.36,높음,15
1054,딥러닝,4530,5940,1.5,7.0,0.04,0.13,높음,15
1055,투자자문,250,230,0.5,0.5,0.22,0.22,높음,15
1056,메타버스국비교육,< 10,< 10,0.0,0.0,0.0,0.0,높음,3
1057,앱,2290,5620,7.7,24.5,0.35,0.47,높음,15
1058,해외물류,60,120,0.7,2.8,1.27,2.72,높음,15
1059,중국포워딩,90,90,5.0,3.8,5.16,4.23,높음,15
1060,포워딩업체,850,700,8.3,15.4,0.99,2.28,높음,15
1061,물류배송,30,100,0.6,2.8,1.67,2.58,높음,15
1062,3PL,5630,5000,55.2,52.4,0.98,1.06,높음,15
1063,4PL,530,430,3.8,11.5,0.73,2.6,높음,15
1064,물류창고임대,170,130,3.0,4.0,1.75,2.67,높음,15
1065,물류회사,610,1060,6.1,13.8,1.03,1.38,높음,15
1066,수출컨테이너,80,170,0.7,3.3,0.83,2.16,높음,15
1067,취업연계,280,540,0.9,10.8,0.33,2.13,높음,15
1068,코인사는방법,< 10,40,0.0,0.0,0.0,0.0,낮음,3
1069,국내코인거래소순위,50,120,0.0,0.0,0.0,0.0,높음,3
1070,VR게임개발,10,10,0.2,0.3,1.43,2.09,높음,15
1071,채권강의,20,30,0.0,0.3,0.0,0.93,중간,7
1072,지브러쉬강의,20,10,0.2,0.5,0.96,2.78,높음,15
1073,청강대게임과,170,520,0.1,0.3,0.05,0.07,높음,14
1074,MZ세대,39900,201400,6.0,4.3,0.02,0.01,높음,3
1075,메타버스행사기획,< 10,< 10,0.3,0.0,33.34,0.0,낮음,3
1076,메타버스캠페인,< 10,< 10,0.0,0.0,0.0,0.0,중간,2
1077,게더타운제작업체,< 10,< 10,0.0,0.0,0.0,0.0,낮음,0
1078,게더타운개발,< 10,< 10,0.0,0.0,0.0,0.0,중간,9
1079,가상자산거래소,460,450,1.9,3.5,0.43,0.85,중간,6
1080,HWP,6660,2340,3.9,1.3,0.07,0.06,중간,11
1081,AI강좌,10,10,0.0,0.0,0.0,0.0,높음,15
1082,인공지능온라인교육,< 10,< 10,0.0,0.0,0.0,0.0,높음,3
1083,TENSORFLOW,800,330,0.1,0.3,0.02,0.11,높음,14
1084,인공지능인강,10,< 10,0.1,0.0,1.34,0.0,높음,15
1085,달러투자강의,< 10,10,0.0,0.0,0.0,0.0,낮음,0
1086,데이터분석,2380,2440,2.5,8.8,0.12,0.39,높음,15
1087,부산메타버스학원,20,20,0.3,1.0,1.34,3.85,높음,15
1088,비트코인앱,30,150,0.0,0.0,0.0,0.0,높음,3
1089,데이터엔지니어,530,680,0.3,4.4,0.07,0.68,높음,15
1090,NFT미술,50,60,0.1,0.0,0.19,0.0,중간,10
1091,가상화폐거래소추천,< 10,10,0.0,0.0,0.0,0.0,높음,3
1092,NFT클래스,< 10,< 10,0.0,0.0,0.0,0.0,낮음,1
1093,NFT강사,< 10,< 10,0.0,0.0,0.0,0.0,중간,1
1094,AI기술,340,550,0.8,1.3,0.25,0.43,높음,15
1095,IT컨설턴트,170,330,0.2,0.8,0.13,0.26,높음,15
1096,크라우드펀딩,4790,6480,31.0,36.5,0.68,0.6,높음,15
1097,코딩프로그램,1180,1510,1.3,7.3,0.12,0.51,높음,15
1098,해외진출컨설팅,< 10,< 10,0.2,0.0,2.5,0.0,높음,15
1099,IT강좌,20,10,0.1,0.5,0.56,4.17,높음,15
1100,데이터베이스교육,10,10,0.4,0.0,2.5,0.0,높음,15
1101,클라우드마이닝,10,40,0.0,0.3,0.0,0.73,낮음,3
1102,자바스크립트알고리즘,30,50,0.2,0.0,0.43,0.0,중간,7
1103,프로그래밍언어학원,10,10,0.0,0.0,0.0,0.0,높음,3
1104,웹프로그래머학원,< 10,< 10,0.0,0.0,0.0,0.0,높음,3
1105,제페토옷만들기,120,550,1.0,4.0,0.85,0.8,낮음,3
1106,웹개발자,730,1230,0.8,8.0,0.11,0.68,높음,15
1107,사물인터넷학원,< 10,< 10,0.0,0.0,0.0,0.0,높음,3
1108,비트코인지갑찾기,< 10,20,0.0,0.0,0.0,0.0,높음,3
1109,머신러닝교육,20,20,0.3,0.8,0.99,4.69,높음,15
1110,백엔드스쿨,20,40,1.0,1.3,4.35,3.55,중간,6
1111,부산게임,70,210,0.1,0.8,0.11,0.37,높음,15
1112,파이썬강의,510,440,5.7,17.0,1.16,3.77,높음,15
1113,백엔드개발교육,10,< 10,0.0,0.0,0.0,0.0,높음,15
1114,코인거래소추천,30,70,0.2,0.0,0.88,0.0,높음,15
1115,AR만들기,50,60,0.7,0.3,1.41,0.48,낮음,4
1116,홍대코딩학원,20,20,0.1,1.6,0.84,5.04,높음,15
1117,생리대정기배송,< 10,40,0.3,2.3,3.89,5.24,중간,11
1118,제페토크리에이터학원,< 10,< 10,0.0,0.0,0.0,0.0,낮음,4
1119,IT취업,190,350,0.7,4.0,0.34,1.24,높음,15
1120,영상미디어,120,160,0.1,0.8,0.11,0.45,높음,15
1121,그림판매사이트,150,670,8.5,58.3,5.88,9.91,높음,15
1122,케이스타라이브,40,120,0.0,0.0,0.0,0.0,높음,3
1123,스트림프로토콜,80,480,0.0,0.0,0.0,0.0,중간,2
1124,프론티어코인,20,70,0.0,0.0,0.0,0.0,중간,2
1125,아이비피토큰,50,300,0.0,0.0,0.0,0.0,중간,2
1126,긱하우스,40,40,0.0,2.0,0.0,4.77,중간,1
1127,메타버스국비지원,90,50,0.6,2.3,0.59,3.52,중간,12
1128,C프로그래밍,230,300,0.5,0.8,0.24,0.26,높음,15
1129,파이썬배우기,70,40,0.5,1.0,0.79,2.5,높음,15
1130,K디지털크래딧,< 10,< 10,0.0,0.0,0.0,0.0,중간,1
1131,빅데이터분석교육,30,90,0.4,0.5,1.09,0.56,높음,15
1132,국비IT,10,40,0.3,1.5,1.67,3.66,높음,15
1133,국비지원IT교육,20,10,0.1,1.0,0.27,5.89,높음,15
1134,국비지원컴퓨터,30,110,0.9,3.7,2.23,3.47,높음,15
1135,취업성공패키지,2930,8970,0.9,2.1,0.04,0.03,높음,15
1136,K디지털아카데미,40,30,0.0,0.0,0.0,0.0,높음,3
1137,K-디지털아카데미,10,< 10,0.0,0.0,0.0,0.0,높음,3
1138,내부회계관리제도,2590,1050,1.8,2.6,0.07,0.25,높음,15
1139,E감사시스템,10,< 10,0.2,0.0,2.0,0.0,중간,5
1140,내부통제시스템,180,120,0.9,0.3,0.5,0.23,높음,15
1141,기업재무관리,20,10,0.0,0.0,0.0,0.0,높음,15
1142,귀농컨설팅,< 10,10,0.3,0.0,7.7,0.0,낮음,3
1143,데이터사이언티스트,1100,1680,1.8,6.5,0.17,0.41,높음,15
1144,내부감사시스템,< 10,< 10,0.0,0.0,0.0,0.0,중간,1
1145,연결회계시스템,< 10,< 10,0.0,0.0,0.0,0.0,높음,3
1146,빅데이터,6970,10000,5.8,29.0,0.09,0.29,높음,15
1147,스타트업취업,190,290,3.5,3.8,1.87,1.42,높음,15
1148,빅데이터대학원,330,470,0.3,3.5,0.09,0.75,높음,15
1149,연세대인공지능대학원,40,30,0.0,0.0,0.0,0.0,중간,2
1150,IT분야,160,220,0.3,0.8,0.19,0.33,높음,15
1151,액셀러레이터,960,1030,0.5,0.0,0.06,0.0,높음,15
1152,엑세스다운,700,270,1.7,1.7,0.27,0.69,높음,3
1153,무료웹사이트만들기,350,290,3.7,12.3,1.12,4.68,높음,15
1154,인공지능AI,270,510,0.1,2.0,0.06,0.46,높음,15
1155,TRANSFORMER,1220,1140,3.6,3.8,0.32,0.37,높음,15
1156,국비지원자격증,640,1930,2.4,27.8,0.41,1.55,높음,15
1157,네이버부트캠프,920,1140,1.1,5.1,0.12,0.47,중간,7
1158,이모티콘제작,520,920,9.3,12.6,1.84,1.5,높음,15
1159,코인동향,70,250,0.1,0.8,0.2,0.34,높음,15
1160,그림정기구독,20,40,1.3,2.0,4.92,4.62,중간,5
1161,3D프로그램,1050,930,0.9,3.8,0.1,0.42,높음,15
1162,매수,4670,19400,0.5,0.3,0.02,0.01,높음,15
1163,청년취업,810,1310,0.3,4.0,0.04,0.34,높음,15
1164,웹프로그래밍,230,270,0.7,2.5,0.34,0.96,높음,15
1165,ROS,1640,1620,3.4,0.0,0.22,0.0,중간,11
1166,게더타운디자인,< 10,< 10,0.0,0.0,0.0,0.0,중간,7
1167,광주메타버스학원,< 10,< 10,0.0,0.0,0.0,0.0,높음,3
1168,에코페이즈,< 10,< 10,0.0,0.0,0.0,0.0,낮음,0
1169,전자화폐거래소,10,100,0.0,0.0,0.0,0.0,중간,10
1170,홈페이지솔루션,70,30,3.3,1.2,3.94,3.0,높음,15
1171,LMS제작,20,< 10,0.7,1.0,2.9,20.0,높음,15
1172,관리자페이지개발,< 10,< 10,0.0,0.0,0.0,0.0,중간,9
1173,게시판솔루션,< 10,< 10,0.3,0.0,4.17,0.0,높음,15
1174,개인홈페이지만들기,60,60,1.1,1.0,1.88,1.54,높음,15
1175,웹퍼블리셔구인,< 10,10,0.1,0.0,2.23,0.0,높음,15
1176,웹서버구축,130,150,0.1,0.3,0.11,0.18,높음,15
1177,홈페이지프리랜서,10,< 10,0.3,0.5,3.71,16.67,높음,15
1178,웹개발회사,10,10,0.2,0.3,1.54,1.39,높음,15
1179,웹기반ERP,10,< 10,0.3,0.0,3.04,0.0,높음,15
1180,웹사이트업체,10,30,0.5,0.5,2.92,1.67,높음,15
1181,알트코인,950,3800,0.5,0.3,0.06,0.02,높음,15
1182,퇴직연금강의,< 10,< 10,0.3,0.0,5.41,0.0,중간,6
1183,AI배우기,10,30,0.0,0.5,0.0,2.09,높음,15
1184,RPA학원,10,< 10,1.0,0.5,12.5,6.25,낮음,3
1185,웹사이트개발업체,< 10,< 10,0.0,0.0,0.0,0.0,높음,15
1186,웹개발사이트,< 10,< 10,0.1,0.0,0.96,0.0,높음,15
1187,웹플랫폼개발,< 10,< 10,0.6,0.0,9.76,0.0,중간,7
1188,웹사이트제작업체,80,30,1.5,0.2,1.71,0.62,높음,15
1189,VR체험,630,3150,3.9,10.5,0.65,0.37,높음,15
1190,이더리움스테이킹,240,750,0.3,0.0,0.15,0.0,높음,3
1191,USDT,2490,6930,0.7,3.8,0.03,0.06,높음,3
1192,환전수수료,2910,13100,2.0,1.7,0.08,0.02,낮음,4
1193,클라우드전문가,20,40,0.0,0.5,0.0,1.25,높음,15
1194,클라우드클래스,< 10,< 10,0.0,0.0,0.0,0.0,높음,3
1195,클라우드강의,10,10,0.0,1.0,0.0,5.89,높음,15
1196,파이썬교육,100,70,0.9,1.6,0.89,2.23,높음,15
1197,자바개발자과정,10,< 10,0.1,0.0,0.96,0.0,높음,15
1198,프론트엔드개발학원,< 10,10,0.1,0.0,2.23,0.0,높음,15
1199,대학강의,440,710,6.3,19.8,1.45,2.96,높음,15
